<?xml version="1.0"?>
<opencv_storage>
<cascade>
  <stageType>BOOST</stageType>
  <featureType>HAAR</featureType>
  <height>24</height>
  <width>24</width>
  <stageParams>
    <boostType>GAB</boostType>
    <minHitRate>9.9500000476837158e-01</minHitRate>
    <maxFalseAlarm>5.0000000000000000e-01</maxFalseAlarm>
    <weightTrimRate>9.4999998807907104e-01</weightTrimRate>
    <maxDepth>1</maxDepth>
    <maxWeakCount>100</maxWeakCount></stageParams>
  <featureParams>
    <maxCatCount>0</maxCatCount>
    <featSize>1</featSize>
    <mode>BASIC</mode></featureParams>
  <stageNum>20</stageNum>
  <stages>
    <!-- stage 0 -->
    <_>
      <maxWeakCount>5</maxWeakCount>
      <stageThreshold>-1.5598307847976685e+00</stageThreshold>
      <weakClassifiers>
        <_>
          <internalNodes>
            0 -1 46 6.3626002520322800e-03</internalNodes>
          <leafValues>
            -7.8155338764190674e-01 6.2406015396118164e-01</leafValues></_>
        <_>
          <internalNodes>
            0 -1 107 -2.1561230532824993e-03</internalNodes>
          <leafValues>
            2.6492455601692200e-01 -8.8065725564956665e-01</leafValues></_>
        <_>
          <internalNodes>
            0 -1 3 1.7535602673888206e-03</internalNodes>
          <leafValues>
            -5.4959994554519653e-01 5.2443444728851318e-01</leafValues></_>
        <_>
          <internalNodes>
            0 -1 151 -1.2095062062144279e-02</internalNodes>
          <leafValues>
            7.9766297340393066e-01 -3.2583609223365784e-01</leafValues></_>
        <_>
          <internalNodes>
            0 -1 4 4.0800240822136402e-03</internalNodes>
          <leafValues>
            -4.2779761552810669e-01 5.9943276643753052e-01</leafValues></_></weakClassifiers></_>
    <!-- stage 1 -->
    <_>
      <maxWeakCount>7</maxWeakCount>
      <stageThreshold>-1.0693091154098511e+00</stageThreshold>
      <weakClassifiers>
        <_>
          <internalNodes>
            0 -1 163 1.8374580889940262e-02</internalNodes>
          <leafValues>
            -6.7517399787902832e-01 4.5614033937454224e-01</leafValues></_>
        <_>
          <internalNodes>
            0 -1 65 -2.3215979337692261e-02</internalNodes>
          <leafValues>
            4.7254282236099243e-01 -4.9605676531791687e-01</leafValues></_>
        <_>
          <internalNodes>
            0 -1 157 1.8672631995286793e-04</internalNodes>
          <leafValues>
            -4.9569731950759888e-01 3.7874791026115417e-01</leafValues></_>
        <_>
          <internalNodes>
            0 -1 16 -2.3165864869952202e-02</internalNodes>
          <leafValues>
            6.8885570764541626e-01 -2.4954791367053986e-01</leafValues></_>
        <_>
          <internalNodes>
            0 -1 94 2.6838298887014389e-02</internalNodes>
          <leafValues>
            -3.1160956621170044e-01 5.8661061525344849e-01</leafValues></_>
        <_>
          <internalNodes>
            0 -1 26 3.0939225107431412e-03</internalNodes>
          <leafValues>
            -3.1182208657264709e-01 5.1201349496841431e-01</leafValues></_>
        <_>
          <internalNodes>
            0 -1 81 -2.2691625636070967e-03</internalNodes>
          <leafValues>
            6.7278623580932617e-01 -2.2768233716487885e-01</leafValues></_></weakClassifiers></_>
    <!-- stage 2 -->
    <_>
      <maxWeakCount>8</maxWeakCount>
      <stageThreshold>-1.3523578643798828e+00</stageThreshold>
      <weakClassifiers>
        <_>
          <internalNodes>
            0 -1 9 7.1113497018814087e-02</internalNodes>
          <leafValues>
            -6.6439908742904663e-01 5.1923078298568726e-01</leafValues></_>
        <_>
          <internalNodes>
            0 -1 54 1.7504718154668808e-02</internalNodes>
          <leafValues>
            1.4269554615020752e-01 -1.</leafValues></_>
        <_>
          <internalNodes>
            0 -1 92 -1.3714260421693325e-03</internalNodes>
          <leafValues>
            2.4119968712329865e-01 -5.8736306428909302e-01</leafValues></_>
        <_>
          <internalNodes>
            0 -1 68 1.5058922767639160e-01</internalNodes>
          <leafValues>
            -3.3323806524276733e-01 5.2685230970382690e-01</leafValues></_>
        <_>
          <internalNodes>
            0 -1 143 3.2478094100952148e-02</internalNodes>
          <leafValues>
            -2.0857708156108856e-01 6.6758328676223755e-01</leafValues></_>
        <_>
          <internalNodes>
            0 -1 159 -1.4151481445878744e-03</internalNodes>
          <leafValues>
            4.2991825938224792e-01 -3.2057747244834900e-01</leafValues></_>
        <_>
          <internalNodes>
            0 -1 99 2.6400394272059202e-03</internalNodes>
          <leafValues>
            2.0629093050956726e-01 -8.3174151182174683e-01</leafValues></_>
        <_>
          <internalNodes>
            0 -1 42 3.8333784323185682e-04</internalNodes>
          <leafValues>
            -3.3768534660339355e-01 4.2905381321907043e-01</leafValues></_></weakClassifiers></_>
    <!-- stage 3 -->
    <_>
      <maxWeakCount>7</maxWeakCount>
      <stageThreshold>-1.2172327041625977e+00</stageThreshold>
      <weakClassifiers>
        <_>
          <internalNodes>
            0 -1 74 8.1339776515960693e-03</internalNodes>
          <leafValues>
            -7.1134018898010254e-01 2.3566879332065582e-01</leafValues></_>
        <_>
          <internalNodes>
            0 -1 10 9.0992763638496399e-02</internalNodes>
          <leafValues>
            -3.9399248361587524e-01 5.5585825443267822e-01</leafValues></_>
        <_>
          <internalNodes>
            0 -1 73 -3.4575304016470909e-03</internalNodes>
          <leafValues>
            6.6431105136871338e-01 -2.0901475846767426e-01</leafValues></_>
        <_>
          <internalNodes>
            0 -1 76 9.5719527453184128e-03</internalNodes>
          <leafValues>
            1.6491504013538361e-01 -8.9279311895370483e-01</leafValues></_>
        <_>
          <internalNodes>
            0 -1 31 4.0969764813780785e-03</internalNodes>
          <leafValues>
            -2.4253705143928528e-01 5.7718479633331299e-01</leafValues></_>
        <_>
          <internalNodes>
            0 -1 12 -6.7665139213204384e-03</internalNodes>
          <leafValues>
            4.4783166050910950e-01 -2.9120278358459473e-01</leafValues></_>
        <_>
          <internalNodes>
            0 -1 51 -5.0871735438704491e-03</internalNodes>
          <leafValues>
            5.6438410282135010e-01 -2.7309489250183105e-01</leafValues></_></weakClassifiers></_>
    <!-- stage 4 -->
    <_>
      <maxWeakCount>8</maxWeakCount>
      <stageThreshold>-1.5211807489395142e+00</stageThreshold>
      <weakClassifiers>
        <_>
          <internalNodes>
            0 -1 145 -5.9461228549480438e-02</internalNodes>
          <leafValues>
            3.1851851940155029e-01 -6.8780487775802612e-01</leafValues></_>
        <_>
          <internalNodes>
            0 -1 33 -2.4383721873164177e-02</internalNodes>
          <leafValues>
            6.3522267341613770e-01 -3.4585231542587280e-01</leafValues></_>
        <_>
          <internalNodes>
            0 -1 45 7.0832194760441780e-03</internalNodes>
          <leafValues>
            -3.2845476269721985e-01 4.1854861378669739e-01</leafValues></_>
        <_>
          <internalNodes>
            0 -1 43 -6.7772388458251953e-02</internalNodes>
          <leafValues>
            8.8853782415390015e-01 -1.9519257545471191e-01</leafValues></_>
        <_>
          <internalNodes>
            0 -1 129 6.4598594326525927e-04</internalNodes>
          <leafValues>
            2.2314839065074921e-01 -9.3465310335159302e-01</leafValues></_>
        <_>
          <internalNodes>
            0 -1 115 -2.6786616072058678e-03</internalNodes>
          <leafValues>
            6.1965882778167725e-01 -2.6724910736083984e-01</leafValues></_>
        <_>
          <internalNodes>
            0 -1 150 -2.0954231731593609e-03</internalNodes>
          <leafValues>
            4.4005829095840454e-01 -3.5020142793655396e-01</leafValues></_>
        <_>
          <internalNodes>
            0 -1 128 -2.6641064323484898e-05</internalNodes>
          <leafValues>
            4.3042600154876709e-01 -3.7950384616851807e-01</leafValues></_></weakClassifiers></_>
    <!-- stage 5 -->
    <_>
      <maxWeakCount>8</maxWeakCount>
      <stageThreshold>-1.1699979305267334e+00</stageThreshold>
      <weakClassifiers>
        <_>
          <internalNodes>
            0 -1 49 1.2647976167500019e-02</internalNodes>
          <leafValues>
            -5.8811038732528687e-01 5.1351350545883179e-01</leafValues></_>
        <_>
          <internalNodes>
            0 -1 83 4.2153312824666500e-03</internalNodes>
          <leafValues>
            -3.3300843834877014e-01 5.2625608444213867e-01</leafValues></_>
        <_>
          <internalNodes>
            0 -1 134 -1.9013273995369673e-03</internalNodes>
          <leafValues>
            4.9209529161453247e-01 -3.4803658723831177e-01</leafValues></_>
        <_>
          <internalNodes>
            0 -1 164 6.2247924506664276e-04</internalNodes>
          <leafValues>
            -2.2895728051662445e-01 5.6544113159179688e-01</leafValues></_>
        <_>
          <internalNodes>
            0 -1 148 -1.2396267615258694e-02</internalNodes>
          <leafValues>
            6.7254102230072021e-01 -2.0879434049129486e-01</leafValues></_>
        <_>
          <internalNodes>
            0 -1 108 -1.7105560749769211e-02</internalNodes>
          <leafValues>
            -6.8809252977371216e-01 2.4592976272106171e-01</leafValues></_>
        <_>
          <internalNodes>
            0 -1 11 -1.4330618083477020e-01</internalNodes>
          <leafValues>
            -8.2284933328628540e-01 1.7909489572048187e-01</leafValues></_>
        <_>
          <internalNodes>
            0 -1 59 -9.3777358531951904e-02</internalNodes>
          <leafValues>
            -9.1126734018325806e-01 1.1188445985317230e-01</leafValues></_></weakClassifiers></_>
    <!-- stage 6 -->
    <_>
      <maxWeakCount>6</maxWeakCount>
      <stageThreshold>-1.0523283481597900e+00</stageThreshold>
      <weakClassifiers>
        <_>
          <internalNodes>
            0 -1 156 -7.0834336802363396e-03</internalNodes>
          <leafValues>
            1.0059171915054321e-01 -6.8085104227066040e-01</leafValues></_>
        <_>
          <internalNodes>
            0 -1 58 1.7509153112769127e-02</internalNodes>
          <leafValues>
            -3.2576349377632141e-01 4.9627014994621277e-01</leafValues></_>
        <_>
          <internalNodes>
            0 -1 52 -1.1755518244171981e-05</internalNodes>
          <leafValues>
            3.8907149434089661e-01 -3.4061002731323242e-01</leafValues></_>
        <_>
          <internalNodes>
            0 -1 100 -1.0761473327875137e-02</internalNodes>
          <leafValues>
            4.0394094586372375e-01 -3.2864913344383240e-01</leafValues></_>
        <_>
          <internalNodes>
            0 -1 58 -1.6480028629302979e-02</internalNodes>
          <leafValues>
            8.1273472309112549e-01 -1.5315727889537811e-01</leafValues></_>
        <_>
          <internalNodes>
            0 -1 109 -1.3256935926619917e-04</internalNodes>
          <leafValues>
            2.1376259624958038e-01 -6.8556898832321167e-01</leafValues></_></weakClassifiers></_>
    <!-- stage 7 -->
    <_>
      <maxWeakCount>9</maxWeakCount>
      <stageThreshold>-1.3617290258407593e+00</stageThreshold>
      <weakClassifiers>
        <_>
          <internalNodes>
            0 -1 96 -2.2459328174591064e-02</internalNodes>
          <leafValues>
            1.4084507524967194e-01 -6.4267992973327637e-01</leafValues></_>
        <_>
          <internalNodes>
            0 -1 116 3.6573917604982853e-03</internalNodes>
          <leafValues>
            -4.6130785346031189e-01 3.1213957071304321e-01</leafValues></_>
        <_>
          <internalNodes>
            0 -1 63 -8.8292714208364487e-03</internalNodes>
          <leafValues>
            -7.2333878278732300e-01 1.5035405755043030e-01</leafValues></_>
        <_>
          <internalNodes>
            0 -1 124 -1.0648559691617265e-04</internalNodes>
          <leafValues>
            2.7689275145530701e-01 -4.7564807534217834e-01</leafValues></_>
        <_>
          <internalNodes>
            0 -1 75 1.5038387573440559e-05</internalNodes>
          <leafValues>
            -3.6612069606781006e-01 3.6088013648986816e-01</leafValues></_>
        <_>
          <internalNodes>
            0 -1 14 -4.5479172840714455e-03</internalNodes>
          <leafValues>
            6.2093186378479004e-01 -2.0710472762584686e-01</leafValues></_>
        <_>
          <internalNodes>
            0 -1 67 -6.7032966762781143e-04</internalNodes>
          <leafValues>
            3.9097306132316589e-01 -3.6448201537132263e-01</leafValues></_>
        <_>
          <internalNodes>
            0 -1 7 6.4332541078329086e-03</internalNodes>
          <leafValues>
            -2.1310836076736450e-01 6.0752201080322266e-01</leafValues></_>
        <_>
          <internalNodes>
            0 -1 32 -5.6610871106386185e-03</internalNodes>
          <leafValues>
            3.8232326507568359e-01 -3.0761972069740295e-01</leafValues></_></weakClassifiers></_>
    <!-- stage 8 -->
    <_>
      <maxWeakCount>8</maxWeakCount>
      <stageThreshold>-1.4242631196975708e+00</stageThreshold>
      <weakClassifiers>
        <_>
          <internalNodes>
            0 -1 130 -5.1840670406818390e-02</internalNodes>
          <leafValues>
            5.2941179275512695e-01 -6.1739128828048706e-01</leafValues></_>
        <_>
          <internalNodes>
            0 -1 122 1.4509836910292506e-03</internalNodes>
          <leafValues>
            1.4263217151165009e-01 -6.9720482826232910e-01</leafValues></_>
        <_>
          <internalNodes>
            0 -1 114 -5.7569053024053574e-03</internalNodes>
          <leafValues>
            4.8210680484771729e-01 -3.0225038528442383e-01</leafValues></_>
        <_>
          <internalNodes>
            0 -1 93 5.0254102097824216e-04</internalNodes>
          <leafValues>
            2.1480280160903931e-01 -6.9678694009780884e-01</leafValues></_>
        <_>
          <internalNodes>
            0 -1 86 4.0569747798144817e-03</internalNodes>
          <leafValues>
            2.7858614921569824e-01 -4.9868217110633850e-01</leafValues></_>
        <_>
          <internalNodes>
            0 -1 2 1.6215853393077850e-02</internalNodes>
          <leafValues>
            -3.0404528975486755e-01 5.0920456647872925e-01</leafValues></_>
        <_>
          <internalNodes>
            0 -1 13 -2.0657155662775040e-02</internalNodes>
          <leafValues>
            6.4034789800643921e-01 -2.5420871376991272e-01</leafValues></_>
        <_>
          <internalNodes>
            0 -1 22 -6.9791509304195642e-04</internalNodes>
          <leafValues>
            -6.5423005819320679e-01 1.9487977027893066e-01</leafValues></_></weakClassifiers></_>
    <!-- stage 9 -->
    <_>
      <maxWeakCount>8</maxWeakCount>
      <stageThreshold>-1.3545702695846558e+00</stageThreshold>
      <weakClassifiers>
        <_>
          <internalNodes>
            0 -1 39 2.8039836883544922e-01</internalNodes>
          <leafValues>
            -5.8723402023315430e-01 4.9333333969116211e-01</leafValues></_>
        <_>
          <internalNodes>
            0 -1 98 9.2281808611005545e-04</internalNodes>
          <leafValues>
            9.6577212214469910e-02 -8.4491562843322754e-01</leafValues></_>
        <_>
          <internalNodes>
            0 -1 5 -8.5072748363018036e-02</internalNodes>
          <leafValues>
            -9.3609201908111572e-01 8.6423367261886597e-02</leafValues></_>
        <_>
          <internalNodes>
            0 -1 127 8.4191304631531239e-04</internalNodes>
          <leafValues>
            2.0953200757503510e-01 -5.8070898056030273e-01</leafValues></_>
        <_>
          <internalNodes>
            0 -1 125 -1.2702350431936793e-05</internalNodes>
          <leafValues>
            3.2195219397544861e-01 -3.7401747703552246e-01</leafValues></_>
        <_>
          <internalNodes>
            0 -1 89 3.5719692707061768e-02</internalNodes>
          <leafValues>
            2.3076158761978149e-01 -6.9368547201156616e-01</leafValues></_>
        <_>
          <internalNodes>
            0 -1 71 1.3115456567902584e-05</internalNodes>
          <leafValues>
            -3.7034979462623596e-01 3.7495714426040649e-01</leafValues></_>
        <_>
          <internalNodes>
            0 -1 146 3.1579842325299978e-03</internalNodes>
          <leafValues>
            1.4397779107093811e-01 -7.6599687337875366e-01</leafValues></_></weakClassifiers></_>
    <!-- stage 10 -->
    <_>
      <maxWeakCount>10</maxWeakCount>
      <stageThreshold>-1.2884466648101807e+00</stageThreshold>
      <weakClassifiers>
        <_>
          <internalNodes>
            0 -1 55 -1.2122672051191330e-01</internalNodes>
          <leafValues>
            4.8780487850308418e-03 -7.0588237047195435e-01</leafValues></_>
        <_>
          <internalNodes>
            0 -1 158 -4.5613802969455719e-02</internalNodes>
          <leafValues>
            4.8413565754890442e-01 -2.9738786816596985e-01</leafValues></_>
        <_>
          <internalNodes>
            0 -1 105 -7.2191052138805389e-02</internalNodes>
          <leafValues>
            6.4038395881652832e-01 -1.7231678962707520e-01</leafValues></_>
        <_>
          <internalNodes>
            0 -1 77 5.5966768413782120e-03</internalNodes>
          <leafValues>
            1.4415945112705231e-01 -8.7934738397598267e-01</leafValues></_>
        <_>
          <internalNodes>
            0 -1 131 1.3115456567902584e-05</internalNodes>
          <leafValues>
            -3.2181051373481750e-01 3.7325176596641541e-01</leafValues></_>
        <_>
          <internalNodes>
            0 -1 91 8.8332612067461014e-03</internalNodes>
          <leafValues>
            -2.1780952811241150e-01 5.3962355852127075e-01</leafValues></_>
        <_>
          <internalNodes>
            0 -1 70 1.1762609210563824e-04</internalNodes>
          <leafValues>
            -2.7664834260940552e-01 4.3242451548576355e-01</leafValues></_>
        <_>
          <internalNodes>
            0 -1 120 1.2132138945162296e-03</internalNodes>
          <leafValues>
            1.5214861929416656e-01 -8.0435031652450562e-01</leafValues></_>
        <_>
          <internalNodes>
            0 -1 167 1.0860890615731478e-03</internalNodes>
          <leafValues>
            1.2992437183856964e-01 -7.7110832929611206e-01</leafValues></_>
        <_>
          <internalNodes>
            0 -1 56 -8.4216073155403137e-03</internalNodes>
          <leafValues>
            4.6070161461830139e-01 -2.5692114233970642e-01</leafValues></_></weakClassifiers></_>
    <!-- stage 11 -->
    <_>
      <maxWeakCount>7</maxWeakCount>
      <stageThreshold>-1.4266808032989502e+00</stageThreshold>
      <weakClassifiers>
        <_>
          <internalNodes>
            0 -1 29 4.1974090039730072e-02</internalNodes>
          <leafValues>
            -6.3999998569488525e-01 1.1724138259887695e-01</leafValues></_>
        <_>
          <internalNodes>
            0 -1 78 -3.7517263554036617e-03</internalNodes>
          <leafValues>
            -8.6682039499282837e-01 9.3296945095062256e-02</leafValues></_>
        <_>
          <internalNodes>
            0 -1 22 4.6979886246845126e-04</internalNodes>
          <leafValues>
            2.0073959231376648e-01 -5.5341434478759766e-01</leafValues></_>
        <_>
          <internalNodes>
            0 -1 1 2.4578657001256943e-02</internalNodes>
          <leafValues>
            -1.9995045661926270e-01 6.3182491064071655e-01</leafValues></_>
        <_>
          <internalNodes>
            0 -1 123 -2.7223648503422737e-03</internalNodes>
          <leafValues>
            -7.0512807369232178e-01 2.2995214164257050e-01</leafValues></_>
        <_>
          <internalNodes>
            0 -1 117 5.7755745947360992e-03</internalNodes>
          <leafValues>
            1.7011030018329620e-01 -6.8137317895889282e-01</leafValues></_>
        <_>
          <internalNodes>
            0 -1 41 7.9584540799260139e-05</internalNodes>
          <leafValues>
            -3.5523501038551331e-01 3.2480800151824951e-01</leafValues></_></weakClassifiers></_>
    <!-- stage 12 -->
    <_>
      <maxWeakCount>10</maxWeakCount>
      <stageThreshold>-1.0297273397445679e+00</stageThreshold>
      <weakClassifiers>
        <_>
          <internalNodes>
            0 -1 162 -5.7228524237871170e-03</internalNodes>
          <leafValues>
            3.9130434393882751e-01 -5.5882352590560913e-01</leafValues></_>
        <_>
          <internalNodes>
            0 -1 48 -3.6584315821528435e-03</internalNodes>
          <leafValues>
            4.1548845171928406e-01 -3.0811393260955811e-01</leafValues></_>
        <_>
          <internalNodes>
            0 -1 64 -7.3766559362411499e-03</internalNodes>
          <leafValues>
            -7.9992008209228516e-01 1.3076254725456238e-01</leafValues></_>
        <_>
          <internalNodes>
            0 -1 101 1.5095988055691123e-04</internalNodes>
          <leafValues>
            -3.0348312854766846e-01 3.6804583668708801e-01</leafValues></_>
        <_>
          <internalNodes>
            0 -1 60 6.2351645901799202e-03</internalNodes>
          <leafValues>
            -3.2304853200912476e-01 3.7756448984146118e-01</leafValues></_>
        <_>
          <internalNodes>
            0 -1 113 -1.6177722718566656e-03</internalNodes>
          <leafValues>
            5.4813075065612793e-01 -2.0220780372619629e-01</leafValues></_>
        <_>
          <internalNodes>
            0 -1 168 -1.0014322586357594e-02</internalNodes>
          <leafValues>
            -5.5229383707046509e-01 2.0763680338859558e-01</leafValues></_>
        <_>
          <internalNodes>
            0 -1 138 -1.8925503827631474e-03</internalNodes>
          <leafValues>
            5.4495388269424438e-01 -1.9619145989418030e-01</leafValues></_>
        <_>
          <internalNodes>
            0 -1 106 6.3287578523159027e-03</internalNodes>
          <leafValues>
            1.7787294089794159e-01 -7.5909864902496338e-01</leafValues></_>
        <_>
          <internalNodes>
            0 -1 160 -5.9396829456090927e-03</internalNodes>
          <leafValues>
            5.5294889211654663e-01 -2.4090664088726044e-01</leafValues></_></weakClassifiers></_>
    <!-- stage 13 -->
    <_>
      <maxWeakCount>11</maxWeakCount>
      <stageThreshold>-1.0085047483444214e+00</stageThreshold>
      <weakClassifiers>
        <_>
          <internalNodes>
            0 -1 23 1.4147737622261047e-01</internalNodes>
          <leafValues>
            -5.4037266969680786e-01 3.5483869910240173e-01</leafValues></_>
        <_>
          <internalNodes>
            0 -1 34 5.5566072463989258e-02</internalNodes>
          <leafValues>
            1.1397594213485718e-01 -6.6460853815078735e-01</leafValues></_>
        <_>
          <internalNodes>
            0 -1 85 -1.8690049182623625e-04</internalNodes>
          <leafValues>
            1.1937075108289719e-01 -7.8590047359466553e-01</leafValues></_>
        <_>
          <internalNodes>
            0 -1 142 -3.8101419340819120e-04</internalNodes>
          <leafValues>
            -6.7499178647994995e-01 1.1961132287979126e-01</leafValues></_>
        <_>
          <internalNodes>
            0 -1 139 2.6726553216576576e-02</internalNodes>
          <leafValues>
            -2.0482437312602997e-01 4.5060604810714722e-01</leafValues></_>
        <_>
          <internalNodes>
            0 -1 35 -5.6939795613288879e-02</internalNodes>
          <leafValues>
            9.0134561061859131e-01 -1.0468345880508423e-01</leafValues></_>
        <_>
          <internalNodes>
            0 -1 17 2.5558706372976303e-02</internalNodes>
          <leafValues>
            -3.0652084946632385e-01 3.3847394585609436e-01</leafValues></_>
        <_>
          <internalNodes>
            0 -1 141 1.1184448339918163e-05</internalNodes>
          <leafValues>
            -2.5148475170135498e-01 3.9386150240898132e-01</leafValues></_>
        <_>
          <internalNodes>
            0 -1 19 4.2421678081154823e-03</internalNodes>
          <leafValues>
            1.8529778718948364e-01 -6.4056146144866943e-01</leafValues></_>
        <_>
          <internalNodes>
            0 -1 57 8.2572195678949356e-03</internalNodes>
          <leafValues>
            -2.9502224922180176e-01 3.9044353365898132e-01</leafValues></_>
        <_>
          <internalNodes>
            0 -1 50 -1.1242458596825600e-02</internalNodes>
          <leafValues>
            6.0138577222824097e-01 -2.2529952228069305e-01</leafValues></_></weakClassifiers></_>
    <!-- stage 14 -->
    <_>
      <maxWeakCount>11</maxWeakCount>
      <stageThreshold>-1.1654665470123291e+00</stageThreshold>
      <weakClassifiers>
        <_>
          <internalNodes>
            0 -1 165 -3.5921395756304264e-03</internalNodes>
          <leafValues>
            1.9512194395065308e-01 -5.5075591802597046e-01</leafValues></_>
        <_>
          <internalNodes>
            0 -1 28 4.5848591253161430e-03</internalNodes>
          <leafValues>
            -4.1623517870903015e-01 2.2795478999614716e-01</leafValues></_>
        <_>
          <internalNodes>
            0 -1 21 -1.0394942946732044e-03</internalNodes>
          <leafValues>
            -4.7474381327629089e-01 2.2421950101852417e-01</leafValues></_>
        <_>
          <internalNodes>
            0 -1 111 1.9121628720313311e-03</internalNodes>
          <leafValues>
            1.4387698471546173e-01 -9.4698351621627808e-01</leafValues></_>
        <_>
          <internalNodes>
            0 -1 166 -1.0803898330777884e-03</internalNodes>
          <leafValues>
            3.6992070078849792e-01 -3.0776345729827881e-01</leafValues></_>
        <_>
          <internalNodes>
            0 -1 133 1.6899202018976212e-02</internalNodes>
          <leafValues>
            1.4392808079719543e-01 -8.8305181264877319e-01</leafValues></_>
        <_>
          <internalNodes>
            0 -1 82 -1.3354797847568989e-03</internalNodes>
          <leafValues>
            6.1476951837539673e-01 -2.2194094955921173e-01</leafValues></_>
        <_>
          <internalNodes>
            0 -1 110 -3.9647277444601059e-03</internalNodes>
          <leafValues>
            -8.0246204137802124e-01 1.7690251767635345e-01</leafValues></_>
        <_>
          <internalNodes>
            0 -1 90 -3.5029734135605395e-05</internalNodes>
          <leafValues>
            3.3118695020675659e-01 -4.0486562252044678e-01</leafValues></_>
        <_>
          <internalNodes>
            0 -1 149 -3.0404825229197741e-03</internalNodes>
          <leafValues>
            4.9339666962623596e-01 -2.1756498515605927e-01</leafValues></_>
        <_>
          <internalNodes>
            0 -1 24 -6.7527562379837036e-02</internalNodes>
          <leafValues>
            8.0708771944046021e-01 -1.3614541292190552e-01</leafValues></_></weakClassifiers></_>
    <!-- stage 15 -->
    <_>
      <maxWeakCount>10</maxWeakCount>
      <stageThreshold>-1.5218058824539185e+00</stageThreshold>
      <weakClassifiers>
        <_>
          <internalNodes>
            0 -1 72 1.1406965553760529e-02</internalNodes>
          <leafValues>
            -5.7369613647460938e-01 1.3461539149284363e-01</leafValues></_>
        <_>
          <internalNodes>
            0 -1 126 2.4564061313867569e-02</internalNodes>
          <leafValues>
            -3.3160224556922913e-01 3.2046496868133545e-01</leafValues></_>
        <_>
          <internalNodes>
            0 -1 79 2.8573418603627943e-05</internalNodes>
          <leafValues>
            -2.2952644526958466e-01 4.1370698809623718e-01</leafValues></_>
        <_>
          <internalNodes>
            0 -1 87 -1.3332233720575459e-05</internalNodes>
          <leafValues>
            2.2092178463935852e-01 -4.8192507028579712e-01</leafValues></_>
        <_>
          <internalNodes>
            0 -1 104 4.2425229912623763e-04</internalNodes>
          <leafValues>
            2.9845169186592102e-01 -3.5609450936317444e-01</leafValues></_>
        <_>
          <internalNodes>
            0 -1 40 4.3058831943199039e-04</internalNodes>
          <leafValues>
            -2.7426746487617493e-01 3.9886710047721863e-01</leafValues></_>
        <_>
          <internalNodes>
            0 -1 61 2.4143848568201065e-03</internalNodes>
          <leafValues>
            1.7406891286373138e-01 -6.8670147657394409e-01</leafValues></_>
        <_>
          <internalNodes>
            0 -1 47 -2.4033710360527039e-03</internalNodes>
          <leafValues>
            6.7985171079635620e-01 -1.7614996433258057e-01</leafValues></_>
        <_>
          <internalNodes>
            0 -1 153 -6.5666958107613027e-05</internalNodes>
          <leafValues>
            -4.0558558702468872e-01 2.8681766986846924e-01</leafValues></_>
        <_>
          <internalNodes>
            0 -1 102 1.6553679015487432e-03</internalNodes>
          <leafValues>
            -2.6227751374244690e-01 4.1961902379989624e-01</leafValues></_></weakClassifiers></_>
    <!-- stage 16 -->
    <_>
      <maxWeakCount>10</maxWeakCount>
      <stageThreshold>-1.1260837316513062e+00</stageThreshold>
      <weakClassifiers>
        <_>
          <internalNodes>
            0 -1 118 -9.7317263484001160e-02</internalNodes>
          <leafValues>
            -1.2107623368501663e-01 -6.5838509798049927e-01</leafValues></_>
        <_>
          <internalNodes>
            0 -1 103 3.2062128186225891e-02</internalNodes>
          <leafValues>
            4.6905733644962311e-02 -8.2763433456420898e-01</leafValues></_>
        <_>
          <internalNodes>
            0 -1 147 1.4643257483839989e-02</internalNodes>
          <leafValues>
            -9.7651630640029907e-02 9.2275816202163696e-01</leafValues></_>
        <_>
          <internalNodes>
            0 -1 84 -1.8233302980661392e-03</internalNodes>
          <leafValues>
            3.0145502090454102e-01 -3.4991934895515442e-01</leafValues></_>
        <_>
          <internalNodes>
            0 -1 6 2.2022211924195290e-02</internalNodes>
          <leafValues>
            -3.6718183755874634e-01 3.0567547678947449e-01</leafValues></_>
        <_>
          <internalNodes>
            0 -1 25 3.9895782247185707e-03</internalNodes>
          <leafValues>
            1.0215602070093155e-01 -7.2687834501266479e-01</leafValues></_>
        <_>
          <internalNodes>
            0 -1 119 1.3332233720575459e-05</internalNodes>
          <leafValues>
            -2.4283194541931152e-01 3.8964685797691345e-01</leafValues></_>
        <_>
          <internalNodes>
            0 -1 38 5.3076064214110374e-03</internalNodes>
          <leafValues>
            2.0398558676242828e-01 -4.4819179177284241e-01</leafValues></_>
        <_>
          <internalNodes>
            0 -1 20 1.7361037316732109e-04</internalNodes>
          <leafValues>
            2.3154129087924957e-01 -4.9147087335586548e-01</leafValues></_>
        <_>
          <internalNodes>
            0 -1 121 -1.6817195340991020e-02</internalNodes>
          <leafValues>
            -7.6402169466018677e-01 1.2016603350639343e-01</leafValues></_></weakClassifiers></_>
    <!-- stage 17 -->
    <_>
      <maxWeakCount>8</maxWeakCount>
      <stageThreshold>-1.1628234386444092e+00</stageThreshold>
      <weakClassifiers>
        <_>
          <internalNodes>
            0 -1 36 2.5380736589431763e-01</internalNodes>
          <leafValues>
            -6.1599999666213989e-01 -4.7058824449777603e-02</leafValues></_>
        <_>
          <internalNodes>
            0 -1 30 1.1707358062267303e-03</internalNodes>
          <leafValues>
            -2.9205352067947388e-01 2.9587334394454956e-01</leafValues></_>
        <_>
          <internalNodes>
            0 -1 95 9.3080126680433750e-04</internalNodes>
          <leafValues>
            1.0784287005662918e-01 -8.2722145318984985e-01</leafValues></_>
        <_>
          <internalNodes>
            0 -1 66 1.0902020148932934e-03</internalNodes>
          <leafValues>
            -1.0108254104852676e-01 7.3184341192245483e-01</leafValues></_>
        <_>
          <internalNodes>
            0 -1 137 -2.5677058147266507e-04</internalNodes>
          <leafValues>
            3.2551872730255127e-01 -2.9622825980186462e-01</leafValues></_>
        <_>
          <internalNodes>
            0 -1 69 -4.0283836424350739e-03</internalNodes>
          <leafValues>
            6.2745004892349243e-01 -1.6445237398147583e-01</leafValues></_>
        <_>
          <internalNodes>
            0 -1 53 7.4039417086169124e-04</internalNodes>
          <leafValues>
            2.2102685272693634e-01 -4.4877412915229797e-01</leafValues></_>
        <_>
          <internalNodes>
            0 -1 8 -4.8967525362968445e-03</internalNodes>
          <leafValues>
            5.4134005308151245e-01 -1.8500149250030518e-01</leafValues></_></weakClassifiers></_>
    <!-- stage 18 -->
    <_>
      <maxWeakCount>11</maxWeakCount>
      <stageThreshold>-9.0609854459762573e-01</stageThreshold>
      <weakClassifiers>
        <_>
          <internalNodes>
            0 -1 144 2.8789740055799484e-02</internalNodes>
          <leafValues>
            -5.8252429962158203e-01 7.5187971815466881e-03</leafValues></_>
        <_>
          <internalNodes>
            0 -1 154 -2.4110176600515842e-03</internalNodes>
          <leafValues>
            4.0088272094726563e-01 -2.7398946881294250e-01</leafValues></_>
        <_>
          <internalNodes>
            0 -1 27 1.0167180560529232e-02</internalNodes>
          <leafValues>
            -3.5394996404647827e-01 2.9963654279708862e-01</leafValues></_>
        <_>
          <internalNodes>
            0 -1 136 -2.9011084698140621e-03</internalNodes>
          <leafValues>
            -6.9981068372726440e-01 1.1790161579847336e-01</leafValues></_>
        <_>
          <internalNodes>
            0 -1 161 -3.2000318169593811e-03</internalNodes>
          <leafValues>
            5.0275695323944092e-01 -1.4915813505649567e-01</leafValues></_>
        <_>
          <internalNodes>
            0 -1 112 -1.3550131116062403e-03</internalNodes>
          <leafValues>
            3.7820425629615784e-01 -2.6248621940612793e-01</leafValues></_>
        <_>
          <internalNodes>
            0 -1 37 -1.3679432868957520e-01</internalNodes>
          <leafValues>
            -7.0458412170410156e-01 1.1233364045619965e-01</leafValues></_>
        <_>
          <internalNodes>
            0 -1 88 -2.9136557132005692e-02</internalNodes>
          <leafValues>
            8.7187647819519043e-01 -1.0377728193998337e-01</leafValues></_>
        <_>
          <internalNodes>
            0 -1 18 3.4930873662233353e-02</internalNodes>
          <leafValues>
            1.7813633382320404e-01 -6.4414948225021362e-01</leafValues></_>
        <_>
          <internalNodes>
            0 -1 169 1.2935521081089973e-03</internalNodes>
          <leafValues>
            1.4681489765644073e-01 -6.4728790521621704e-01</leafValues></_>
        <_>
          <internalNodes>
            0 -1 33 -4.1013229638338089e-02</internalNodes>
          <leafValues>
            6.1694502830505371e-01 -1.6211149096488953e-01</leafValues></_></weakClassifiers></_>
    <!-- stage 19 -->
    <_>
      <maxWeakCount>11</maxWeakCount>
      <stageThreshold>-8.4382247924804688e-01</stageThreshold>
      <weakClassifiers>
        <_>
          <internalNodes>
            0 -1 97 -6.5700700506567955e-03</internalNodes>
          <leafValues>
            3.9534884691238403e-01 -5.0996017456054688e-01</leafValues></_>
        <_>
          <internalNodes>
            0 -1 62 -3.0051863286644220e-03</internalNodes>
          <leafValues>
            -8.2408910989761353e-01 7.6671727001667023e-02</leafValues></_>
        <_>
          <internalNodes>
            0 -1 132 1.8597785383462906e-03</internalNodes>
          <leafValues>
            9.4750419259071350e-02 -7.1069711446762085e-01</leafValues></_>
        <_>
          <internalNodes>
            0 -1 140 3.1442428007721901e-03</internalNodes>
          <leafValues>
            -2.3003022372722626e-01 4.1988581418991089e-01</leafValues></_>
        <_>
          <internalNodes>
            0 -1 0 9.0506430715322495e-03</internalNodes>
          <leafValues>
            -1.3128906488418579e-01 6.6295129060745239e-01</leafValues></_>
        <_>
          <internalNodes>
            0 -1 15 -1.5868996270000935e-03</internalNodes>
          <leafValues>
            4.9976584315299988e-01 -1.8237680196762085e-01</leafValues></_>
        <_>
          <internalNodes>
            0 -1 152 8.9184055104851723e-04</internalNodes>
          <leafValues>
            -2.4208544194698334e-01 4.0537682175636292e-01</leafValues></_>
        <_>
          <internalNodes>
            0 -1 44 -6.1527025536634028e-05</internalNodes>
          <leafValues>
            3.5104832053184509e-01 -2.7558204531669617e-01</leafValues></_>
        <_>
          <internalNodes>
            0 -1 155 2.4990207748487592e-04</internalNodes>
          <leafValues>
            -3.6069586873054504e-01 2.9496645927429199e-01</leafValues></_>
        <_>
          <internalNodes>
            0 -1 80 -8.9800357818603516e-03</internalNodes>
          <leafValues>
            4.4801321625709534e-01 -2.4286393821239471e-01</leafValues></_>
        <_>
          <internalNodes>
            0 -1 135 8.8645862415432930e-03</internalNodes>
          <leafValues>
            -1.1144658178091049e-01 8.7065559625625610e-01</leafValues></_></weakClassifiers></_></stages>
  <features>
    <_>
      <rects>
        <_>
          0 0 3 11 -1.</_>
        <_>
          1 0 1 11 3.</_></rects>
      <tilted>0</tilted></_>
    <_>
      <rects>
        <_>
          0 0 6 8 -1.</_>
        <_>
          2 0 2 8 3.</_></rects>
      <tilted>0</tilted></_>
    <_>
      <rects>
        <_>
          0 0 4 9 -1.</_>
        <_>
          2 0 2 9 2.</_></rects>
      <tilted>0</tilted></_>
    <_>
      <rects>
        <_>
          0 0 9 1 -1.</_>
        <_>
          3 0 3 1 3.</_></rects>
      <tilted>0</tilted></_>
    <_>
      <rects>
        <_>
          0 0 6 6 -1.</_>
        <_>
          0 2 6 2 3.</_></rects>
      <tilted>0</tilted></_>
    <_>
      <rects>
        <_>
          0 0 22 12 -1.</_>
        <_>
          0 0 11 6 2.</_>
        <_>
          11 6 11 6 2.</_></rects>
      <tilted>0</tilted></_>
    <_>
      <rects>
        <_>
          0 1 9 8 -1.</_>
        <_>
          3 1 3 8 3.</_></rects>
      <tilted>0</tilted></_>
    <_>
      <rects>
        <_>
          0 2 3 9 -1.</_>
        <_>
          1 2 1 9 3.</_></rects>
      <tilted>0</tilted></_>
    <_>
      <rects>
        <_>
          0 2 2 10 -1.</_>
        <_>
          1 2 1 10 2.</_></rects>
      <tilted>0</tilted></_>
    <_>
      <rects>
        <_>
          0 2 6 15 -1.</_>
        <_>
          3 2 3 15 2.</_></rects>
      <tilted>0</tilted></_>
    <_>
      <rects>
        <_>
          0 2 8 17 -1.</_>
        <_>
          4 2 4 17 2.</_></rects>
      <tilted>0</tilted></_>
    <_>
      <rects>
        <_>
          0 2 10 16 -1.</_>
        <_>
          0 10 10 8 2.</_></rects>
      <tilted>0</tilted></_>
    <_>
      <rects>
        <_>
          0 5 6 7 -1.</_>
        <_>
          2 5 2 7 3.</_></rects>
      <tilted>0</tilted></_>
    <_>
      <rects>
        <_>
          0 5 4 12 -1.</_>
        <_>
          2 5 2 12 2.</_></rects>
      <tilted>0</tilted></_>
    <_>
      <rects>
        <_>
          0 6 3 5 -1.</_>
        <_>
          1 6 1 5 3.</_></rects>
      <tilted>0</tilted></_>
    <_>
      <rects>
        <_>
          0 9 3 1 -1.</_>
        <_>
          1 9 1 1 3.</_></rects>
      <tilted>0</tilted></_>
    <_>
      <rects>
        <_>
          0 9 6 6 -1.</_>
        <_>
          3 9 3 6 2.</_></rects>
      <tilted>0</tilted></_>
    <_>
      <rects>
        <_>
          0 9 22 15 -1.</_>
        <_>
          0 14 22 5 3.</_></rects>
      <tilted>0</tilted></_>
    <_>
      <rects>
        <_>
          0 12 20 12 -1.</_>
        <_>
          0 12 10 6 2.</_>
        <_>
          10 18 10 6 2.</_></rects>
      <tilted>0</tilted></_>
    <_>
      <rects>
        <_>
          0 15 24 2 -1.</_>
        <_>
          0 15 12 1 2.</_>
        <_>
          12 16 12 1 2.</_></rects>
      <tilted>0</tilted></_>
    <_>
      <rects>
        <_>
          0 16 2 3 -1.</_>
        <_>
          0 17 2 1 3.</_></rects>
      <tilted>0</tilted></_>
    <_>
      <rects>
        <_>
          0 17 1 6 -1.</_>
        <_>
          0 20 1 3 2.</_></rects>
      <tilted>0</tilted></_>
    <_>
      <rects>
        <_>
          0 17 2 3 -1.</_>
        <_>
          0 18 2 1 3.</_></rects>
      <tilted>0</tilted></_>
    <_>
      <rects>
        <_>
          0 17 21 5 -1.</_>
        <_>
          7 17 7 5 3.</_></rects>
      <tilted>0</tilted></_>
    <_>
      <rects>
        <_>
          0 19 14 3 -1.</_>
        <_>
          7 19 7 3 2.</_></rects>
      <tilted>0</tilted></_>
    <_>
      <rects>
        <_>
          0 19 12 3 -1.</_>
        <_>
          0 20 12 1 3.</_></rects>
      <tilted>0</tilted></_>
    <_>
      <rects>
        <_>
          1 0 7 2 -1.</_>
        <_>
          1 1 7 1 2.</_></rects>
      <tilted>0</tilted></_>
    <_>
      <rects>
        <_>
          1 0 9 6 -1.</_>
        <_>
          1 2 9 2 3.</_></rects>
      <tilted>0</tilted></_>
    <_>
      <rects>
        <_>
          1 0 13 2 -1.</_>
        <_>
          1 1 13 1 2.</_></rects>
      <tilted>0</tilted></_>
    <_>
      <rects>
        <_>
          1 0 21 4 -1.</_>
        <_>
          1 2 21 2 2.</_></rects>
      <tilted>0</tilted></_>
    <_>
      <rects>
        <_>
          1 1 3 3 -1.</_>
        <_>
          2 1 1 3 3.</_></rects>
      <tilted>0</tilted></_>
    <_>
      <rects>
        <_>
          1 4 3 8 -1.</_>
        <_>
          2 4 1 8 3.</_></rects>
      <tilted>0</tilted></_>
    <_>
      <rects>
        <_>
          1 6 4 12 -1.</_>
        <_>
          1 6 2 6 2.</_>
        <_>
          3 12 2 6 2.</_></rects>
      <tilted>0</tilted></_>
    <_>
      <rects>
        <_>
          1 8 4 16 -1.</_>
        <_>
          1 8 2 8 2.</_>
        <_>
          3 16 2 8 2.</_></rects>
      <tilted>0</tilted></_>
    <_>
      <rects>
        <_>
          2 0 18 16 -1.</_>
        <_>
          2 0 9 8 2.</_>
        <_>
          11 8 9 8 2.</_></rects>
      <tilted>0</tilted></_>
    <_>
      <rects>
        <_>
          2 0 16 6 -1.</_>
        <_>
          2 3 16 3 2.</_></rects>
      <tilted>0</tilted></_>
    <_>
      <rects>
        <_>
          2 0 20 24 -1.</_>
        <_>
          2 8 20 8 3.</_></rects>
      <tilted>0</tilted></_>
    <_>
      <rects>
        <_>
          2 2 22 22 -1.</_>
        <_>
          2 2 11 11 2.</_>
        <_>
          13 13 11 11 2.</_></rects>
      <tilted>0</tilted></_>
    <_>
      <rects>
        <_>
          2 3 10 8 -1.</_>
        <_>
          2 3 5 4 2.</_>
        <_>
          7 7 5 4 2.</_></rects>
      <tilted>0</tilted></_>
    <_>
      <rects>
        <_>
          2 5 21 17 -1.</_>
        <_>
          9 5 7 17 3.</_></rects>
      <tilted>0</tilted></_>
    <_>
      <rects>
        <_>
          2 9 2 4 -1.</_>
        <_>
          2 9 1 2 2.</_>
        <_>
          3 11 1 2 2.</_></rects>
      <tilted>0</tilted></_>
    <_>
      <rects>
        <_>
          2 11 3 1 -1.</_>
        <_>
          3 11 1 1 3.</_></rects>
      <tilted>0</tilted></_>
    <_>
      <rects>
        <_>
          2 14 4 2 -1.</_>
        <_>
          2 14 2 1 2.</_>
        <_>
          4 15 2 1 2.</_></rects>
      <tilted>0</tilted></_>
    <_>
      <rects>
        <_>
          2 16 10 5 -1.</_>
        <_>
          7 16 5 5 2.</_></rects>
      <tilted>0</tilted></_>
    <_>
      <rects>
        <_>
          2 17 2 1 -1.</_>
        <_>
          3 17 1 1 2.</_></rects>
      <tilted>0</tilted></_>
    <_>
      <rects>
        <_>
          3 0 7 6 -1.</_>
        <_>
          3 2 7 2 3.</_></rects>
      <tilted>0</tilted></_>
    <_>
      <rects>
        <_>
          3 0 16 2 -1.</_>
        <_>
          3 1 16 1 2.</_></rects>
      <tilted>0</tilted></_>
    <_>
      <rects>
        <_>
          3 12 2 4 -1.</_>
        <_>
          3 12 1 2 2.</_>
        <_>
          4 14 1 2 2.</_></rects>
      <tilted>0</tilted></_>
    <_>
      <rects>
        <_>
          3 12 2 10 -1.</_>
        <_>
          3 12 1 5 2.</_>
        <_>
          4 17 1 5 2.</_></rects>
      <tilted>0</tilted></_>
    <_>
      <rects>
        <_>
          3 14 4 4 -1.</_>
        <_>
          5 14 2 4 2.</_></rects>
      <tilted>0</tilted></_>
    <_>
      <rects>
        <_>
          3 14 8 6 -1.</_>
        <_>
          3 14 4 3 2.</_>
        <_>
          7 17 4 3 2.</_></rects>
      <tilted>0</tilted></_>
    <_>
      <rects>
        <_>
          3 19 8 4 -1.</_>
        <_>
          3 19 4 2 2.</_>
        <_>
          7 21 4 2 2.</_></rects>
      <tilted>0</tilted></_>
    <_>
      <rects>
        <_>
          4 0 2 3 -1.</_>
        <_>
          5 0 1 3 2.</_></rects>
      <tilted>0</tilted></_>
    <_>
      <rects>
        <_>
          4 3 2 8 -1.</_>
        <_>
          4 3 1 4 2.</_>
        <_>
          5 7 1 4 2.</_></rects>
      <tilted>0</tilted></_>
    <_>
      <rects>
        <_>
          4 5 15 10 -1.</_>
        <_>
          4 10 15 5 2.</_></rects>
      <tilted>0</tilted></_>
    <_>
      <rects>
        <_>
          4 12 15 12 -1.</_>
        <_>
          4 18 15 6 2.</_></rects>
      <tilted>0</tilted></_>
    <_>
      <rects>
        <_>
          4 14 4 8 -1.</_>
        <_>
          4 14 2 4 2.</_>
        <_>
          6 18 2 4 2.</_></rects>
      <tilted>0</tilted></_>
    <_>
      <rects>
        <_>
          4 18 6 4 -1.</_>
        <_>
          7 18 3 4 2.</_></rects>
      <tilted>0</tilted></_>
    <_>
      <rects>
        <_>
          5 0 7 6 -1.</_>
        <_>
          5 2 7 2 3.</_></rects>
      <tilted>0</tilted></_>
    <_>
      <rects>
        <_>
          5 0 16 20 -1.</_>
        <_>
          5 0 8 10 2.</_>
        <_>
          13 10 8 10 2.</_></rects>
      <tilted>0</tilted></_>
    <_>
      <rects>
        <_>
          5 0 9 2 -1.</_>
        <_>
          5 1 9 1 2.</_></rects>
      <tilted>0</tilted></_>
    <_>
      <rects>
        <_>
          5 1 2 7 -1.</_>
        <_>
          6 1 1 7 2.</_></rects>
      <tilted>0</tilted></_>
    <_>
      <rects>
        <_>
          5 4 3 11 -1.</_>
        <_>
          6 4 1 11 3.</_></rects>
      <tilted>0</tilted></_>
    <_>
      <rects>
        <_>
          5 4 6 10 -1.</_>
        <_>
          5 4 3 5 2.</_>
        <_>
          8 9 3 5 2.</_></rects>
      <tilted>0</tilted></_>
    <_>
      <rects>
        <_>
          5 4 18 4 -1.</_>
        <_>
          5 4 9 2 2.</_>
        <_>
          14 6 9 2 2.</_></rects>
      <tilted>0</tilted></_>
    <_>
      <rects>
        <_>
          5 11 3 12 -1.</_>
        <_>
          5 17 3 6 2.</_></rects>
      <tilted>0</tilted></_>
    <_>
      <rects>
        <_>
          5 17 2 2 -1.</_>
        <_>
          5 17 1 1 2.</_>
        <_>
          6 18 1 1 2.</_></rects>
      <tilted>0</tilted></_>
    <_>
      <rects>
        <_>
          6 0 6 3 -1.</_>
        <_>
          8 0 2 3 3.</_></rects>
      <tilted>0</tilted></_>
    <_>
      <rects>
        <_>
          6 0 14 24 -1.</_>
        <_>
          6 8 14 8 3.</_></rects>
      <tilted>0</tilted></_>
    <_>
      <rects>
        <_>
          6 1 10 3 -1.</_>
        <_>
          6 2 10 1 3.</_></rects>
      <tilted>0</tilted></_>
    <_>
      <rects>
        <_>
          6 16 2 2 -1.</_>
        <_>
          6 16 1 1 2.</_>
        <_>
          7 17 1 1 2.</_></rects>
      <tilted>0</tilted></_>
    <_>
      <rects>
        <_>
          6 22 2 2 -1.</_>
        <_>
          6 23 2 1 2.</_></rects>
      <tilted>0</tilted></_>
    <_>
      <rects>
        <_>
          7 0 9 2 -1.</_>
        <_>
          10 0 3 2 3.</_></rects>
      <tilted>0</tilted></_>
    <_>
      <rects>
        <_>
          7 0 9 3 -1.</_>
        <_>
          7 1 9 1 3.</_></rects>
      <tilted>0</tilted></_>
    <_>
      <rects>
        <_>
          7 0 12 2 -1.</_>
        <_>
          7 1 12 1 2.</_></rects>
      <tilted>0</tilted></_>
    <_>
      <rects>
        <_>
          7 3 2 3 -1.</_>
        <_>
          8 3 1 3 2.</_></rects>
      <tilted>0</tilted></_>
    <_>
      <rects>
        <_>
          7 4 4 9 -1.</_>
        <_>
          9 4 2 9 2.</_></rects>
      <tilted>0</tilted></_>
    <_>
      <rects>
        <_>
          7 6 3 13 -1.</_>
        <_>
          8 6 1 13 3.</_></rects>
      <tilted>0</tilted></_>
    <_>
      <rects>
        <_>
          7 7 3 11 -1.</_>
        <_>
          8 7 1 11 3.</_></rects>
      <tilted>0</tilted></_>
    <_>
      <rects>
        <_>
          7 16 1 2 -1.</_>
        <_>
          7 17 1 1 2.</_></rects>
      <tilted>0</tilted></_>
    <_>
      <rects>
        <_>
          7 19 4 4 -1.</_>
        <_>
          7 21 4 2 2.</_></rects>
      <tilted>0</tilted></_>
    <_>
      <rects>
        <_>
          7 21 6 2 -1.</_>
        <_>
          7 21 3 1 2.</_>
        <_>
          10 22 3 1 2.</_></rects>
      <tilted>0</tilted></_>
    <_>
      <rects>
        <_>
          8 0 1 3 -1.</_>
        <_>
          8 1 1 1 3.</_></rects>
      <tilted>0</tilted></_>
    <_>
      <rects>
        <_>
          8 0 9 1 -1.</_>
        <_>
          11 0 3 1 3.</_></rects>
      <tilted>0</tilted></_>
    <_>
      <rects>
        <_>
          8 3 4 8 -1.</_>
        <_>
          8 7 4 4 2.</_></rects>
      <tilted>0</tilted></_>
    <_>
      <rects>
        <_>
          8 7 3 14 -1.</_>
        <_>
          8 14 3 7 2.</_></rects>
      <tilted>0</tilted></_>
    <_>
      <rects>
        <_>
          8 14 8 3 -1.</_>
        <_>
          12 14 4 3 2.</_></rects>
      <tilted>0</tilted></_>
    <_>
      <rects>
        <_>
          8 18 5 2 -1.</_>
        <_>
          8 19 5 1 2.</_></rects>
      <tilted>0</tilted></_>
    <_>
      <rects>
        <_>
          9 0 11 4 -1.</_>
        <_>
          9 2 11 2 2.</_></rects>
      <tilted>0</tilted></_>
    <_>
      <rects>
        <_>
          9 3 5 18 -1.</_>
        <_>
          9 9 5 6 3.</_></rects>
      <tilted>0</tilted></_>
    <_>
      <rects>
        <_>
          9 9 3 3 -1.</_>
        <_>
          10 9 1 3 3.</_></rects>
      <tilted>0</tilted></_>
    <_>
      <rects>
        <_>
          9 18 7 6 -1.</_>
        <_>
          9 20 7 2 3.</_></rects>
      <tilted>0</tilted></_>
    <_>
      <rects>
        <_>
          10 3 3 8 -1.</_>
        <_>
          10 7 3 4 2.</_></rects>
      <tilted>0</tilted></_>
    <_>
      <rects>
        <_>
          10 9 2 8 -1.</_>
        <_>
          10 13 2 4 2.</_></rects>
      <tilted>0</tilted></_>
    <_>
      <rects>
        <_>
          10 16 14 8 -1.</_>
        <_>
          10 16 7 4 2.</_>
        <_>
          17 20 7 4 2.</_></rects>
      <tilted>0</tilted></_>
    <_>
      <rects>
        <_>
          10 17 4 2 -1.</_>
        <_>
          10 18 4 1 2.</_></rects>
      <tilted>0</tilted></_>
    <_>
      <rects>
        <_>
          10 19 12 3 -1.</_>
        <_>
          16 19 6 3 2.</_></rects>
      <tilted>0</tilted></_>
    <_>
      <rects>
        <_>
          10 22 4 2 -1.</_>
        <_>
          10 23 4 1 2.</_></rects>
      <tilted>0</tilted></_>
    <_>
      <rects>
        <_>
          11 11 1 8 -1.</_>
        <_>
          11 15 1 4 2.</_></rects>
      <tilted>0</tilted></_>
    <_>
      <rects>
        <_>
          11 15 4 6 -1.</_>
        <_>
          11 18 4 3 2.</_></rects>
      <tilted>0</tilted></_>
    <_>
      <rects>
        <_>
          11 18 4 6 -1.</_>
        <_>
          11 21 4 3 2.</_></rects>
      <tilted>0</tilted></_>
    <_>
      <rects>
        <_>
          12 0 4 2 -1.</_>
        <_>
          12 0 2 1 2.</_>
        <_>
          14 1 2 1 2.</_></rects>
      <tilted>0</tilted></_>
    <_>
      <rects>
        <_>
          12 0 4 4 -1.</_>
        <_>
          12 0 2 2 2.</_>
        <_>
          14 2 2 2 2.</_></rects>
      <tilted>0</tilted></_>
    <_>
      <rects>
        <_>
          12 1 8 14 -1.</_>
        <_>
          12 1 4 7 2.</_>
        <_>
          16 8 4 7 2.</_></rects>
      <tilted>0</tilted></_>
    <_>
      <rects>
        <_>
          12 2 3 6 -1.</_>
        <_>
          12 5 3 3 2.</_></rects>
      <tilted>0</tilted></_>
    <_>
      <rects>
        <_>
          12 2 12 20 -1.</_>
        <_>
          16 2 4 20 3.</_></rects>
      <tilted>0</tilted></_>
    <_>
      <rects>
        <_>
          12 3 6 5 -1.</_>
        <_>
          15 3 3 5 2.</_></rects>
      <tilted>0</tilted></_>
    <_>
      <rects>
        <_>
          12 4 3 18 -1.</_>
        <_>
          12 13 3 9 2.</_></rects>
      <tilted>0</tilted></_>
    <_>
      <rects>
        <_>
          12 6 6 11 -1.</_>
        <_>
          15 6 3 11 2.</_></rects>
      <tilted>0</tilted></_>
    <_>
      <rects>
        <_>
          12 7 2 12 -1.</_>
        <_>
          12 13 2 6 2.</_></rects>
      <tilted>0</tilted></_>
    <_>
      <rects>
        <_>
          12 11 1 6 -1.</_>
        <_>
          12 14 1 3 2.</_></rects>
      <tilted>0</tilted></_>
    <_>
      <rects>
        <_>
          12 11 1 8 -1.</_>
        <_>
          12 15 1 4 2.</_></rects>
      <tilted>0</tilted></_>
    <_>
      <rects>
        <_>
          12 15 4 8 -1.</_>
        <_>
          12 15 2 4 2.</_>
        <_>
          14 19 2 4 2.</_></rects>
      <tilted>0</tilted></_>
    <_>
      <rects>
        <_>
          12 21 2 3 -1.</_>
        <_>
          12 22 2 1 3.</_></rects>
      <tilted>0</tilted></_>
    <_>
      <rects>
        <_>
          12 21 12 1 -1.</_>
        <_>
          16 21 4 1 3.</_></rects>
      <tilted>0</tilted></_>
    <_>
      <rects>
        <_>
          13 0 10 2 -1.</_>
        <_>
          13 0 5 1 2.</_>
        <_>
          18 1 5 1 2.</_></rects>
      <tilted>0</tilted></_>
    <_>
      <rects>
        <_>
          13 0 11 2 -1.</_>
        <_>
          13 1 11 1 2.</_></rects>
      <tilted>0</tilted></_>
    <_>
      <rects>
        <_>
          13 4 6 7 -1.</_>
        <_>
          15 4 2 7 3.</_></rects>
      <tilted>0</tilted></_>
    <_>
      <rects>
        <_>
          13 8 7 16 -1.</_>
        <_>
          13 16 7 8 2.</_></rects>
      <tilted>0</tilted></_>
    <_>
      <rects>
        <_>
          13 13 2 2 -1.</_>
        <_>
          13 14 2 1 2.</_></rects>
      <tilted>0</tilted></_>
    <_>
      <rects>
        <_>
          13 17 3 2 -1.</_>
        <_>
          14 17 1 2 3.</_></rects>
      <tilted>0</tilted></_>
    <_>
      <rects>
        <_>
          13 18 8 6 -1.</_>
        <_>
          13 20 8 2 3.</_></rects>
      <tilted>0</tilted></_>
    <_>
      <rects>
        <_>
          14 1 3 7 -1.</_>
        <_>
          15 1 1 7 3.</_></rects>
      <tilted>0</tilted></_>
    <_>
      <rects>
        <_>
          14 3 2 9 -1.</_>
        <_>
          15 3 1 9 2.</_></rects>
      <tilted>0</tilted></_>
    <_>
      <rects>
        <_>
          14 3 2 8 -1.</_>
        <_>
          14 7 2 4 2.</_></rects>
      <tilted>0</tilted></_>
    <_>
      <rects>
        <_>
          14 11 3 1 -1.</_>
        <_>
          15 11 1 1 3.</_></rects>
      <tilted>0</tilted></_>
    <_>
      <rects>
        <_>
          14 16 10 8 -1.</_>
        <_>
          14 16 5 4 2.</_>
        <_>
          19 20 5 4 2.</_></rects>
      <tilted>0</tilted></_>
    <_>
      <rects>
        <_>
          15 3 3 4 -1.</_>
        <_>
          16 3 1 4 3.</_></rects>
      <tilted>0</tilted></_>
    <_>
      <rects>
        <_>
          15 4 3 12 -1.</_>
        <_>
          15 8 3 4 3.</_></rects>
      <tilted>0</tilted></_>
    <_>
      <rects>
        <_>
          15 5 1 14 -1.</_>
        <_>
          15 12 1 7 2.</_></rects>
      <tilted>0</tilted></_>
    <_>
      <rects>
        <_>
          15 13 8 6 -1.</_>
        <_>
          19 13 4 6 2.</_></rects>
      <tilted>0</tilted></_>
    <_>
      <rects>
        <_>
          15 22 1 2 -1.</_>
        <_>
          15 23 1 1 2.</_></rects>
      <tilted>0</tilted></_>
    <_>
      <rects>
        <_>
          16 3 2 9 -1.</_>
        <_>
          17 3 1 9 2.</_></rects>
      <tilted>0</tilted></_>
    <_>
      <rects>
        <_>
          16 8 1 15 -1.</_>
        <_>
          16 13 1 5 3.</_></rects>
      <tilted>0</tilted></_>
    <_>
      <rects>
        <_>
          16 14 4 6 -1.</_>
        <_>
          16 14 2 3 2.</_>
        <_>
          18 17 2 3 2.</_></rects>
      <tilted>0</tilted></_>
    <_>
      <rects>
        <_>
          16 14 2 10 -1.</_>
        <_>
          16 19 2 5 2.</_></rects>
      <tilted>0</tilted></_>
    <_>
      <rects>
        <_>
          16 18 6 3 -1.</_>
        <_>
          16 19 6 1 3.</_></rects>
      <tilted>0</tilted></_>
    <_>
      <rects>
        <_>
          17 0 4 2 -1.</_>
        <_>
          17 0 2 1 2.</_>
        <_>
          19 1 2 1 2.</_></rects>
      <tilted>0</tilted></_>
    <_>
      <rects>
        <_>
          17 1 4 3 -1.</_>
        <_>
          17 2 4 1 3.</_></rects>
      <tilted>0</tilted></_>
    <_>
      <rects>
        <_>
          17 11 6 12 -1.</_>
        <_>
          17 11 3 6 2.</_>
        <_>
          20 17 3 6 2.</_></rects>
      <tilted>0</tilted></_>
    <_>
      <rects>
        <_>
          17 16 4 4 -1.</_>
        <_>
          17 16 2 2 2.</_>
        <_>
          19 18 2 2 2.</_></rects>
      <tilted>0</tilted></_>
    <_>
      <rects>
        <_>
          17 20 1 2 -1.</_>
        <_>
          17 21 1 1 2.</_></rects>
      <tilted>0</tilted></_>
    <_>
      <rects>
        <_>
          17 22 1 2 -1.</_>
        <_>
          17 23 1 1 2.</_></rects>
      <tilted>0</tilted></_>
    <_>
      <rects>
        <_>
          18 0 6 12 -1.</_>
        <_>
          20 0 2 12 3.</_></rects>
      <tilted>0</tilted></_>
    <_>
      <rects>
        <_>
          18 2 6 12 -1.</_>
        <_>
          20 2 2 12 3.</_></rects>
      <tilted>0</tilted></_>
    <_>
      <rects>
        <_>
          18 3 6 14 -1.</_>
        <_>
          21 3 3 14 2.</_></rects>
      <tilted>0</tilted></_>
    <_>
      <rects>
        <_>
          18 4 2 12 -1.</_>
        <_>
          18 10 2 6 2.</_></rects>
      <tilted>0</tilted></_>
    <_>
      <rects>
        <_>
          18 5 3 16 -1.</_>
        <_>
          18 13 3 8 2.</_></rects>
      <tilted>0</tilted></_>
    <_>
      <rects>
        <_>
          18 8 6 7 -1.</_>
        <_>
          20 8 2 7 3.</_></rects>
      <tilted>0</tilted></_>
    <_>
      <rects>
        <_>
          18 9 2 12 -1.</_>
        <_>
          18 9 1 6 2.</_>
        <_>
          19 15 1 6 2.</_></rects>
      <tilted>0</tilted></_>
    <_>
      <rects>
        <_>
          18 9 4 8 -1.</_>
        <_>
          18 9 2 4 2.</_>
        <_>
          20 13 2 4 2.</_></rects>
      <tilted>0</tilted></_>
    <_>
      <rects>
        <_>
          18 10 6 3 -1.</_>
        <_>
          21 10 3 3 2.</_></rects>
      <tilted>0</tilted></_>
    <_>
      <rects>
        <_>
          19 13 3 4 -1.</_>
        <_>
          20 13 1 4 3.</_></rects>
      <tilted>0</tilted></_>
    <_>
      <rects>
        <_>
          19 19 1 2 -1.</_>
        <_>
          19 20 1 1 2.</_></rects>
      <tilted>0</tilted></_>
    <_>
      <rects>
        <_>
          20 0 3 7 -1.</_>
        <_>
          21 0 1 7 3.</_></rects>
      <tilted>0</tilted></_>
    <_>
      <rects>
        <_>
          20 0 2 2 -1.</_>
        <_>
          20 1 2 1 2.</_></rects>
      <tilted>0</tilted></_>
    <_>
      <rects>
        <_>
          20 0 4 4 -1.</_>
        <_>
          22 0 2 4 2.</_></rects>
      <tilted>0</tilted></_>
    <_>
      <rects>
        <_>
          20 0 4 2 -1.</_>
        <_>
          20 1 4 1 2.</_></rects>
      <tilted>0</tilted></_>
    <_>
      <rects>
        <_>
          20 1 4 16 -1.</_>
        <_>
          22 1 2 16 2.</_></rects>
      <tilted>0</tilted></_>
    <_>
      <rects>
        <_>
          20 2 3 7 -1.</_>
        <_>
          21 2 1 7 3.</_></rects>
      <tilted>0</tilted></_>
    <_>
      <rects>
        <_>
          20 2 3 11 -1.</_>
        <_>
          21 2 1 11 3.</_></rects>
      <tilted>0</tilted></_>
    <_>
      <rects>
        <_>
          20 3 2 20 -1.</_>
        <_>
          20 3 1 10 2.</_>
        <_>
          21 13 1 10 2.</_></rects>
      <tilted>0</tilted></_>
    <_>
      <rects>
        <_>
          20 7 2 10 -1.</_>
        <_>
          20 7 1 5 2.</_>
        <_>
          21 12 1 5 2.</_></rects>
      <tilted>0</tilted></_>
    <_>
      <rects>
        <_>
          20 7 4 16 -1.</_>
        <_>
          20 7 2 8 2.</_>
        <_>
          22 15 2 8 2.</_></rects>
      <tilted>0</tilted></_>
    <_>
      <rects>
        <_>
          20 10 3 1 -1.</_>
        <_>
          21 10 1 1 3.</_></rects>
      <tilted>0</tilted></_>
    <_>
      <rects>
        <_>
          21 4 3 2 -1.</_>
        <_>
          22 4 1 2 3.</_></rects>
      <tilted>0</tilted></_>
    <_>
      <rects>
        <_>
          21 10 3 2 -1.</_>
        <_>
          22 10 1 2 3.</_></rects>
      <tilted>0</tilted></_>
    <_>
      <rects>
        <_>
          22 21 2 3 -1.</_>
        <_>
          22 22 2 1 3.</_></rects>
      <tilted>0</tilted></_>
    <_>
      <rects>
        <_>
          23 7 1 16 -1.</_>
        <_>
          23 15 1 8 2.</_></rects>
      <tilted>0</tilted></_>
    <_>
      <rects>
        <_>
          23 16 1 4 -1.</_>
        <_>
          23 18 1 2 2.</_></rects>
      <tilted>0</tilted></_></features></cascade>
</opencv_storage>
