<?xml version="1.0"?>
<opencv_storage>
<stage19>
  <maxWeakCount>11</maxWeakCount>
  <stageThreshold>-8.4382247924804688e-01</stageThreshold>
  <weakClassifiers>
    <_>
      <internalNodes>
        0 -1 114377 -6.5700700506567955e-03</internalNodes>
      <leafValues>
        3.9534884691238403e-01 -5.0996017456054688e-01</leafValues></_>
    <_>
      <internalNodes>
        0 -1 63616 -3.0051863286644220e-03</internalNodes>
      <leafValues>
        -8.2408910989761353e-01 7.6671727001667023e-02</leafValues></_>
    <_>
      <internalNodes>
        0 -1 145073 1.8597785383462906e-03</internalNodes>
      <leafValues>
        9.4750419259071350e-02 -7.1069711446762085e-01</leafValues></_>
    <_>
      <internalNodes>
        0 -1 151516 3.1442428007721901e-03</internalNodes>
      <leafValues>
        -2.3003022372722626e-01 4.1988581418991089e-01</leafValues></_>
    <_>
      <internalNodes>
        0 -1 50 9.0506430715322495e-03</internalNodes>
      <leafValues>
        -1.3128906488418579e-01 6.6295129060745239e-01</leafValues></_>
    <_>
      <internalNodes>
        0 -1 8138 -1.5868996270000935e-03</internalNodes>
      <leafValues>
        4.9976584315299988e-01 -1.8237680196762085e-01</leafValues></_>
    <_>
      <internalNodes>
        0 -1 157119 8.9184055104851723e-04</internalNodes>
      <leafValues>
        -2.4208544194698334e-01 4.0537682175636292e-01</leafValues></_>
    <_>
      <internalNodes>
        0 -1 36926 -6.1527025536634028e-05</internalNodes>
      <leafValues>
        3.5104832053184509e-01 -2.7558204531669617e-01</leafValues></_>
    <_>
      <internalNodes>
        0 -1 157681 2.4990207748487592e-04</internalNodes>
      <leafValues>
        -3.6069586873054504e-01 2.9496645927429199e-01</leafValues></_>
    <_>
      <internalNodes>
        0 -1 89479 -8.9800357818603516e-03</internalNodes>
      <leafValues>
        4.4801321625709534e-01 -2.4286393821239471e-01</leafValues></_>
    <_>
      <internalNodes>
        0 -1 147603 8.8645862415432930e-03</internalNodes>
      <leafValues>
        -1.1144658178091049e-01 8.7065559625625610e-01</leafValues></_></weakClassifiers></stage19>
</opencv_storage>
