<?xml version="1.0"?>
<opencv_storage>
<stage12>
  <maxWeakCount>10</maxWeakCount>
  <stageThreshold>-1.0297273397445679e+00</stageThreshold>
  <weakClassifiers>
    <_>
      <internalNodes>
        0 -1 158685 -5.7228524237871170e-03</internalNodes>
      <leafValues>
        3.9130434393882751e-01 -5.5882352590560913e-01</leafValues></_>
    <_>
      <internalNodes>
        0 -1 46595 -3.6584315821528435e-03</internalNodes>
      <leafValues>
        4.1548845171928406e-01 -3.0811393260955811e-01</leafValues></_>
    <_>
      <internalNodes>
        0 -1 64064 -7.3766559362411499e-03</internalNodes>
      <leafValues>
        -7.9992008209228516e-01 1.3076254725456238e-01</leafValues></_>
    <_>
      <internalNodes>
        0 -1 121428 1.5095988055691123e-04</internalNodes>
      <leafValues>
        -3.0348312854766846e-01 3.6804583668708801e-01</leafValues></_>
    <_>
      <internalNodes>
        0 -1 61029 6.2351645901799202e-03</internalNodes>
      <leafValues>
        -3.2304853200912476e-01 3.7756448984146118e-01</leafValues></_>
    <_>
      <internalNodes>
        0 -1 127944 -1.6177722718566656e-03</internalNodes>
      <leafValues>
        5.4813075065612793e-01 -2.0220780372619629e-01</leafValues></_>
    <_>
      <internalNodes>
        0 -1 162231 -1.0014322586357594e-02</internalNodes>
      <leafValues>
        -5.5229383707046509e-01 2.0763680338859558e-01</leafValues></_>
    <_>
      <internalNodes>
        0 -1 148799 -1.8925503827631474e-03</internalNodes>
      <leafValues>
        5.4495388269424438e-01 -1.9619145989418030e-01</leafValues></_>
    <_>
      <internalNodes>
        0 -1 123068 6.3287578523159027e-03</internalNodes>
      <leafValues>
        1.7787294089794159e-01 -7.5909864902496338e-01</leafValues></_>
    <_>
      <internalNodes>
        0 -1 157988 -5.9396829456090927e-03</internalNodes>
      <leafValues>
        5.5294889211654663e-01 -2.4090664088726044e-01</leafValues></_></weakClassifiers></stage12>
</opencv_storage>
