<?xml version="1.0"?>
<opencv_storage>
<stage4>
  <maxWeakCount>8</maxWeakCount>
  <stageThreshold>-1.5211807489395142e+00</stageThreshold>
  <weakClassifiers>
    <_>
      <internalNodes>
        0 -1 152845 -5.9461228549480438e-02</internalNodes>
      <leafValues>
        3.1851851940155029e-01 -6.8780487775802612e-01</leafValues></_>
    <_>
      <internalNodes>
        0 -1 20349 -2.4383721873164177e-02</internalNodes>
      <leafValues>
        6.3522267341613770e-01 -3.4585231542587280e-01</leafValues></_>
    <_>
      <internalNodes>
        0 -1 38468 7.0832194760441780e-03</internalNodes>
      <leafValues>
        -3.2845476269721985e-01 4.1854861378669739e-01</leafValues></_>
    <_>
      <internalNodes>
        0 -1 36728 -6.7772388458251953e-02</internalNodes>
      <leafValues>
        8.8853782415390015e-01 -1.9519257545471191e-01</leafValues></_>
    <_>
      <internalNodes>
        0 -1 141054 6.4598594326525927e-04</internalNodes>
      <leafValues>
        2.2314839065074921e-01 -9.3465310335159302e-01</leafValues></_>
    <_>
      <internalNodes>
        0 -1 128339 -2.6786616072058678e-03</internalNodes>
      <leafValues>
        6.1965882778167725e-01 -2.6724910736083984e-01</leafValues></_>
    <_>
      <internalNodes>
        0 -1 153986 -2.0954231731593609e-03</internalNodes>
      <leafValues>
        4.4005829095840454e-01 -3.5020142793655396e-01</leafValues></_>
    <_>
      <internalNodes>
        0 -1 140849 -2.6641064323484898e-05</internalNodes>
      <leafValues>
        4.3042600154876709e-01 -3.7950384616851807e-01</leafValues></_></weakClassifiers></stage4>
</opencv_storage>
