<?xml version="1.0"?>
<opencv_storage>
<stage9>
  <maxWeakCount>8</maxWeakCount>
  <stageThreshold>-1.3545702695846558e+00</stageThreshold>
  <weakClassifiers>
    <_>
      <internalNodes>
        0 -1 30765 2.8039836883544922e-01</internalNodes>
      <leafValues>
        -5.8723402023315430e-01 4.9333333969116211e-01</leafValues></_>
    <_>
      <internalNodes>
        0 -1 119314 9.2281808611005545e-04</internalNodes>
      <leafValues>
        9.6577212214469910e-02 -8.4491562843322754e-01</leafValues></_>
    <_>
      <internalNodes>
        0 -1 775 -8.5072748363018036e-02</internalNodes>
      <leafValues>
        -9.3609201908111572e-01 8.6423367261886597e-02</leafValues></_>
    <_>
      <internalNodes>
        0 -1 140376 8.4191304631531239e-04</internalNodes>
      <leafValues>
        2.0953200757503510e-01 -5.8070898056030273e-01</leafValues></_>
    <_>
      <internalNodes>
        0 -1 137620 -1.2702350431936793e-05</internalNodes>
      <leafValues>
        3.2195219397544861e-01 -3.7401747703552246e-01</leafValues></_>
    <_>
      <internalNodes>
        0 -1 100862 3.5719692707061768e-02</internalNodes>
      <leafValues>
        2.3076158761978149e-01 -6.9368547201156616e-01</leafValues></_>
    <_>
      <internalNodes>
        0 -1 80695 1.3115456567902584e-05</internalNodes>
      <leafValues>
        -3.7034979462623596e-01 3.7495714426040649e-01</leafValues></_>
    <_>
      <internalNodes>
        0 -1 152996 3.1579842325299978e-03</internalNodes>
      <leafValues>
        1.4397779107093811e-01 -7.6599687337875366e-01</leafValues></_></weakClassifiers></stage9>
</opencv_storage>
