<?xml version="1.0"?>
<opencv_storage>
<stage17>
  <maxWeakCount>8</maxWeakCount>
  <stageThreshold>-1.1628234386444092e+00</stageThreshold>
  <weakClassifiers>
    <_>
      <internalNodes>
        0 -1 26763 2.5380736589431763e-01</internalNodes>
      <leafValues>
        -6.1599999666213989e-01 -4.7058824449777603e-02</leafValues></_>
    <_>
      <internalNodes>
        0 -1 14428 1.1707358062267303e-03</internalNodes>
      <leafValues>
        -2.9205352067947388e-01 2.9587334394454956e-01</leafValues></_>
    <_>
      <internalNodes>
        0 -1 113821 9.3080126680433750e-04</internalNodes>
      <leafValues>
        1.0784287005662918e-01 -8.2722145318984985e-01</leafValues></_>
    <_>
      <internalNodes>
        0 -1 69831 1.0902020148932934e-03</internalNodes>
      <leafValues>
        -1.0108254104852676e-01 7.3184341192245483e-01</leafValues></_>
    <_>
      <internalNodes>
        0 -1 148384 -2.5677058147266507e-04</internalNodes>
      <leafValues>
        3.2551872730255127e-01 -2.9622825980186462e-01</leafValues></_>
    <_>
      <internalNodes>
        0 -1 72151 -4.0283836424350739e-03</internalNodes>
      <leafValues>
        6.2745004892349243e-01 -1.6445237398147583e-01</leafValues></_>
    <_>
      <internalNodes>
        0 -1 52059 7.4039417086169124e-04</internalNodes>
      <leafValues>
        2.2102685272693634e-01 -4.4877412915229797e-01</leafValues></_>
    <_>
      <internalNodes>
        0 -1 2171 -4.8967525362968445e-03</internalNodes>
      <leafValues>
        5.4134005308151245e-01 -1.8500149250030518e-01</leafValues></_></weakClassifiers></stage17>
</opencv_storage>
