<?xml version="1.0"?>
<opencv_storage>
<stage15>
  <maxWeakCount>10</maxWeakCount>
  <stageThreshold>-1.5218058824539185e+00</stageThreshold>
  <weakClassifiers>
    <_>
      <internalNodes>
        0 -1 80927 1.1406965553760529e-02</internalNodes>
      <leafValues>
        -5.7369613647460938e-01 1.3461539149284363e-01</leafValues></_>
    <_>
      <internalNodes>
        0 -1 138727 2.4564061313867569e-02</internalNodes>
      <leafValues>
        -3.3160224556922913e-01 3.2046496868133545e-01</leafValues></_>
    <_>
      <internalNodes>
        0 -1 88804 2.8573418603627943e-05</internalNodes>
      <leafValues>
        -2.2952644526958466e-01 4.1370698809623718e-01</leafValues></_>
    <_>
      <internalNodes>
        0 -1 98164 -1.3332233720575459e-05</internalNodes>
      <leafValues>
        2.2092178463935852e-01 -4.8192507028579712e-01</leafValues></_>
    <_>
      <internalNodes>
        0 -1 122565 4.2425229912623763e-04</internalNodes>
      <leafValues>
        2.9845169186592102e-01 -3.5609450936317444e-01</leafValues></_>
    <_>
      <internalNodes>
        0 -1 33211 4.3058831943199039e-04</internalNodes>
      <leafValues>
        -2.7426746487617493e-01 3.9886710047721863e-01</leafValues></_>
    <_>
      <internalNodes>
        0 -1 61314 2.4143848568201065e-03</internalNodes>
      <leafValues>
        1.7406891286373138e-01 -6.8670147657394409e-01</leafValues></_>
    <_>
      <internalNodes>
        0 -1 46581 -2.4033710360527039e-03</internalNodes>
      <leafValues>
        6.7985171079635620e-01 -1.7614996433258057e-01</leafValues></_>
    <_>
      <internalNodes>
        0 -1 157499 -6.5666958107613027e-05</internalNodes>
      <leafValues>
        -4.0558558702468872e-01 2.8681766986846924e-01</leafValues></_>
    <_>
      <internalNodes>
        0 -1 121433 1.6553679015487432e-03</internalNodes>
      <leafValues>
        -2.6227751374244690e-01 4.1961902379989624e-01</leafValues></_></weakClassifiers></stage15>
</opencv_storage>
