<?xml version="1.0"?>
<opencv_storage>
<stage0>
  <maxWeakCount>5</maxWeakCount>
  <stageThreshold>-1.5598307847976685e+00</stageThreshold>
  <weakClassifiers>
    <_>
      <internalNodes>
        0 -1 38808 6.3626002520322800e-03</internalNodes>
      <leafValues>
        -7.8155338764190674e-01 6.2406015396118164e-01</leafValues></_>
    <_>
      <internalNodes>
        0 -1 123555 -2.1561230532824993e-03</internalNodes>
      <leafValues>
        2.6492455601692200e-01 -8.8065725564956665e-01</leafValues></_>
    <_>
      <internalNodes>
        0 -1 162 1.7535602673888206e-03</internalNodes>
      <leafValues>
        -5.4959994554519653e-01 5.2443444728851318e-01</leafValues></_>
    <_>
      <internalNodes>
        0 -1 154186 -1.2095062062144279e-02</internalNodes>
      <leafValues>
        7.9766297340393066e-01 -3.2583609223365784e-01</leafValues></_>
    <_>
      <internalNodes>
        0 -1 408 4.0800240822136402e-03</internalNodes>
      <leafValues>
        -4.2779761552810669e-01 5.9943276643753052e-01</leafValues></_></weakClassifiers></stage0>
</opencv_storage>
