<?xml version="1.0"?>
<opencv_storage>
<stage7>
  <maxWeakCount>9</maxWeakCount>
  <stageThreshold>-1.3617290258407593e+00</stageThreshold>
  <weakClassifiers>
    <_>
      <internalNodes>
        0 -1 114156 -2.2459328174591064e-02</internalNodes>
      <leafValues>
        1.4084507524967194e-01 -6.4267992973327637e-01</leafValues></_>
    <_>
      <internalNodes>
        0 -1 128492 3.6573917604982853e-03</internalNodes>
      <leafValues>
        -4.6130785346031189e-01 3.1213957071304321e-01</leafValues></_>
    <_>
      <internalNodes>
        0 -1 63725 -8.8292714208364487e-03</internalNodes>
      <leafValues>
        -7.2333878278732300e-01 1.5035405755043030e-01</leafValues></_>
    <_>
      <internalNodes>
        0 -1 135123 -1.0648559691617265e-04</internalNodes>
      <leafValues>
        2.7689275145530701e-01 -4.7564807534217834e-01</leafValues></_>
    <_>
      <internalNodes>
        0 -1 82891 1.5038387573440559e-05</internalNodes>
      <leafValues>
        -3.6612069606781006e-01 3.6088013648986816e-01</leafValues></_>
    <_>
      <internalNodes>
        0 -1 5854 -4.5479172840714455e-03</internalNodes>
      <leafValues>
        6.2093186378479004e-01 -2.0710472762584686e-01</leafValues></_>
    <_>
      <internalNodes>
        0 -1 70808 -6.7032966762781143e-04</internalNodes>
      <leafValues>
        3.9097306132316589e-01 -3.6448201537132263e-01</leafValues></_>
    <_>
      <internalNodes>
        0 -1 2169 6.4332541078329086e-03</internalNodes>
      <leafValues>
        -2.1310836076736450e-01 6.0752201080322266e-01</leafValues></_>
    <_>
      <internalNodes>
        0 -1 18888 -5.6610871106386185e-03</internalNodes>
      <leafValues>
        3.8232326507568359e-01 -3.0761972069740295e-01</leafValues></_></weakClassifiers></stage7>
</opencv_storage>
