<?xml version="1.0"?>
<opencv_storage>
<stage2>
  <maxWeakCount>8</maxWeakCount>
  <stageThreshold>-1.3523578643798828e+00</stageThreshold>
  <weakClassifiers>
    <_>
      <internalNodes>
        0 -1 2331 7.1113497018814087e-02</internalNodes>
      <leafValues>
        -6.6439908742904663e-01 5.1923078298568726e-01</leafValues></_>
    <_>
      <internalNodes>
        0 -1 54168 1.7504718154668808e-02</internalNodes>
      <leafValues>
        1.4269554615020752e-01 -1.</leafValues></_>
    <_>
      <internalNodes>
        0 -1 108735 -1.3714260421693325e-03</internalNodes>
      <leafValues>
        2.4119968712329865e-01 -5.8736306428909302e-01</leafValues></_>
    <_>
      <internalNodes>
        0 -1 71459 1.5058922767639160e-01</internalNodes>
      <leafValues>
        -3.3323806524276733e-01 5.2685230970382690e-01</leafValues></_>
    <_>
      <internalNodes>
        0 -1 152018 3.2478094100952148e-02</internalNodes>
      <leafValues>
        -2.0857708156108856e-01 6.6758328676223755e-01</leafValues></_>
    <_>
      <internalNodes>
        0 -1 157971 -1.4151481445878744e-03</internalNodes>
      <leafValues>
        4.2991825938224792e-01 -3.2057747244834900e-01</leafValues></_>
    <_>
      <internalNodes>
        0 -1 120456 2.6400394272059202e-03</internalNodes>
      <leafValues>
        2.0629093050956726e-01 -8.3174151182174683e-01</leafValues></_>
    <_>
      <internalNodes>
        0 -1 35872 3.8333784323185682e-04</internalNodes>
      <leafValues>
        -3.3768534660339355e-01 4.2905381321907043e-01</leafValues></_></weakClassifiers></stage2>
</opencv_storage>
