<?xml version="1.0"?>
<opencv_storage>
<stage18>
  <maxWeakCount>11</maxWeakCount>
  <stageThreshold>-9.0609854459762573e-01</stageThreshold>
  <weakClassifiers>
    <_>
      <internalNodes>
        0 -1 152541 2.8789740055799484e-02</internalNodes>
      <leafValues>
        -5.8252429962158203e-01 7.5187971815466881e-03</leafValues></_>
    <_>
      <internalNodes>
        0 -1 157632 -2.4110176600515842e-03</internalNodes>
      <leafValues>
        4.0088272094726563e-01 -2.7398946881294250e-01</leafValues></_>
    <_>
      <internalNodes>
        0 -1 14014 1.0167180560529232e-02</internalNodes>
      <leafValues>
        -3.5394996404647827e-01 2.9963654279708862e-01</leafValues></_>
    <_>
      <internalNodes>
        0 -1 148100 -2.9011084698140621e-03</internalNodes>
      <leafValues>
        -6.9981068372726440e-01 1.1790161579847336e-01</leafValues></_>
    <_>
      <internalNodes>
        0 -1 158145 -3.2000318169593811e-03</internalNodes>
      <leafValues>
        5.0275695323944092e-01 -1.4915813505649567e-01</leafValues></_>
    <_>
      <internalNodes>
        0 -1 127133 -1.3550131116062403e-03</internalNodes>
      <leafValues>
        3.7820425629615784e-01 -2.6248621940612793e-01</leafValues></_>
    <_>
      <internalNodes>
        0 -1 28442 -1.3679432868957520e-01</internalNodes>
      <leafValues>
        -7.0458412170410156e-01 1.1233364045619965e-01</leafValues></_>
    <_>
      <internalNodes>
        0 -1 99226 -2.9136557132005692e-02</internalNodes>
      <leafValues>
        8.7187647819519043e-01 -1.0377728193998337e-01</leafValues></_>
    <_>
      <internalNodes>
        0 -1 10377 3.4930873662233353e-02</internalNodes>
      <leafValues>
        1.7813633382320404e-01 -6.4414948225021362e-01</leafValues></_>
    <_>
      <internalNodes>
        0 -1 162313 1.2935521081089973e-03</internalNodes>
      <leafValues>
        1.4681489765644073e-01 -6.4728790521621704e-01</leafValues></_>
    <_>
      <internalNodes>
        0 -1 20349 -4.1013229638338089e-02</internalNodes>
      <leafValues>
        6.1694502830505371e-01 -1.6211149096488953e-01</leafValues></_></weakClassifiers></stage18>
</opencv_storage>
