<?xml version="1.0"?>
<opencv_storage>
<stage13>
  <maxWeakCount>11</maxWeakCount>
  <stageThreshold>-1.0085047483444214e+00</stageThreshold>
  <weakClassifiers>
    <_>
      <internalNodes>
        0 -1 12381 1.4147737622261047e-01</internalNodes>
      <leafValues>
        -5.4037266969680786e-01 3.5483869910240173e-01</leafValues></_>
    <_>
      <internalNodes>
        0 -1 26451 5.5566072463989258e-02</internalNodes>
      <leafValues>
        1.1397594213485718e-01 -6.6460853815078735e-01</leafValues></_>
    <_>
      <internalNodes>
        0 -1 94355 -1.8690049182623625e-04</internalNodes>
      <leafValues>
        1.1937075108289719e-01 -7.8590047359466553e-01</leafValues></_>
    <_>
      <internalNodes>
        0 -1 151860 -3.8101419340819120e-04</internalNodes>
      <leafValues>
        -6.7499178647994995e-01 1.1961132287979126e-01</leafValues></_>
    <_>
      <internalNodes>
        0 -1 150932 2.6726553216576576e-02</internalNodes>
      <leafValues>
        -2.0482437312602997e-01 4.5060604810714722e-01</leafValues></_>
    <_>
      <internalNodes>
        0 -1 26672 -5.6939795613288879e-02</internalNodes>
      <leafValues>
        9.0134561061859131e-01 -1.0468345880508423e-01</leafValues></_>
    <_>
      <internalNodes>
        0 -1 8781 2.5558706372976303e-02</internalNodes>
      <leafValues>
        -3.0652084946632385e-01 3.3847394585609436e-01</leafValues></_>
    <_>
      <internalNodes>
        0 -1 151781 1.1184448339918163e-05</internalNodes>
      <leafValues>
        -2.5148475170135498e-01 3.9386150240898132e-01</leafValues></_>
    <_>
      <internalNodes>
        0 -1 11779 4.2421678081154823e-03</internalNodes>
      <leafValues>
        1.8529778718948364e-01 -6.4056146144866943e-01</leafValues></_>
    <_>
      <internalNodes>
        0 -1 59784 8.2572195678949356e-03</internalNodes>
      <leafValues>
        -2.9502224922180176e-01 3.9044353365898132e-01</leafValues></_>
    <_>
      <internalNodes>
        0 -1 47564 -1.1242458596825600e-02</internalNodes>
      <leafValues>
        6.0138577222824097e-01 -2.2529952228069305e-01</leafValues></_></weakClassifiers></stage13>
</opencv_storage>
