<?xml version="1.0"?>
<opencv_storage>
<stage11>
  <maxWeakCount>7</maxWeakCount>
  <stageThreshold>-1.4266808032989502e+00</stageThreshold>
  <weakClassifiers>
    <_>
      <internalNodes>
        0 -1 14358 4.1974090039730072e-02</internalNodes>
      <leafValues>
        -6.3999998569488525e-01 1.1724138259887695e-01</leafValues></_>
    <_>
      <internalNodes>
        0 -1 85312 -3.7517263554036617e-03</internalNodes>
      <leafValues>
        -8.6682039499282837e-01 9.3296945095062256e-02</leafValues></_>
    <_>
      <internalNodes>
        0 -1 12257 4.6979886246845126e-04</internalNodes>
      <leafValues>
        2.0073959231376648e-01 -5.5341434478759766e-01</leafValues></_>
    <_>
      <internalNodes>
        0 -1 117 2.4578657001256943e-02</internalNodes>
      <leafValues>
        -1.9995045661926270e-01 6.3182491064071655e-01</leafValues></_>
    <_>
      <internalNodes>
        0 -1 135077 -2.7223648503422737e-03</internalNodes>
      <leafValues>
        -7.0512807369232178e-01 2.2995214164257050e-01</leafValues></_>
    <_>
      <internalNodes>
        0 -1 129881 5.7755745947360992e-03</internalNodes>
      <leafValues>
        1.7011030018329620e-01 -6.8137317895889282e-01</leafValues></_>
    <_>
      <internalNodes>
        0 -1 34386 7.9584540799260139e-05</internalNodes>
      <leafValues>
        -3.5523501038551331e-01 3.2480800151824951e-01</leafValues></_></weakClassifiers></stage11>
</opencv_storage>
