<?xml version="1.0"?>
<opencv_storage>
<stage8>
  <maxWeakCount>8</maxWeakCount>
  <stageThreshold>-1.4242631196975708e+00</stageThreshold>
  <weakClassifiers>
    <_>
      <internalNodes>
        0 -1 143145 -5.1840670406818390e-02</internalNodes>
      <leafValues>
        5.2941179275512695e-01 -6.1739128828048706e-01</leafValues></_>
    <_>
      <internalNodes>
        0 -1 134240 1.4509836910292506e-03</internalNodes>
      <leafValues>
        1.4263217151165009e-01 -6.9720482826232910e-01</leafValues></_>
    <_>
      <internalNodes>
        0 -1 127961 -5.7569053024053574e-03</internalNodes>
      <leafValues>
        4.8210680484771729e-01 -3.0225038528442383e-01</leafValues></_>
    <_>
      <internalNodes>
        0 -1 111491 5.0254102097824216e-04</internalNodes>
      <leafValues>
        2.1480280160903931e-01 -6.9678694009780884e-01</leafValues></_>
    <_>
      <internalNodes>
        0 -1 97206 4.0569747798144817e-03</internalNodes>
      <leafValues>
        2.7858614921569824e-01 -4.9868217110633850e-01</leafValues></_>
    <_>
      <internalNodes>
        0 -1 120 1.6215853393077850e-02</internalNodes>
      <leafValues>
        -3.0404528975486755e-01 5.0920456647872925e-01</leafValues></_>
    <_>
      <internalNodes>
        0 -1 5092 -2.0657155662775040e-02</internalNodes>
      <leafValues>
        6.4034789800643921e-01 -2.5420871376991272e-01</leafValues></_>
    <_>
      <internalNodes>
        0 -1 12257 -6.9791509304195642e-04</internalNodes>
      <leafValues>
        -6.5423005819320679e-01 1.9487977027893066e-01</leafValues></_></weakClassifiers></stage8>
</opencv_storage>
