<?xml version="1.0"?>
<opencv_storage>
<stage3>
  <maxWeakCount>7</maxWeakCount>
  <stageThreshold>-1.2172327041625977e+00</stageThreshold>
  <weakClassifiers>
    <_>
      <internalNodes>
        0 -1 81388 8.1339776515960693e-03</internalNodes>
      <leafValues>
        -7.1134018898010254e-01 2.3566879332065582e-01</leafValues></_>
    <_>
      <internalNodes>
        0 -1 2408 9.0992763638496399e-02</internalNodes>
      <leafValues>
        -3.9399248361587524e-01 5.5585825443267822e-01</leafValues></_>
    <_>
      <internalNodes>
        0 -1 81329 -3.4575304016470909e-03</internalNodes>
      <leafValues>
        6.6431105136871338e-01 -2.0901475846767426e-01</leafValues></_>
    <_>
      <internalNodes>
        0 -1 83627 9.5719527453184128e-03</internalNodes>
      <leafValues>
        1.6491504013538361e-01 -8.9279311895370483e-01</leafValues></_>
    <_>
      <internalNodes>
        0 -1 17211 4.0969764813780785e-03</internalNodes>
      <leafValues>
        -2.4253705143928528e-01 5.7718479633331299e-01</leafValues></_>
    <_>
      <internalNodes>
        0 -1 5078 -6.7665139213204384e-03</internalNodes>
      <leafValues>
        4.4783166050910950e-01 -2.9120278358459473e-01</leafValues></_>
    <_>
      <internalNodes>
        0 -1 49025 -5.0871735438704491e-03</internalNodes>
      <leafValues>
        5.6438410282135010e-01 -2.7309489250183105e-01</leafValues></_></weakClassifiers></stage3>
</opencv_storage>
