<?xml version="1.0"?>
<opencv_storage>
<stage6>
  <maxWeakCount>6</maxWeakCount>
  <stageThreshold>-1.0523283481597900e+00</stageThreshold>
  <weakClassifiers>
    <_>
      <internalNodes>
        0 -1 157692 -7.0834336802363396e-03</internalNodes>
      <leafValues>
        1.0059171915054321e-01 -6.8085104227066040e-01</leafValues></_>
    <_>
      <internalNodes>
        0 -1 60922 1.7509153112769127e-02</internalNodes>
      <leafValues>
        -3.2576349377632141e-01 4.9627014994621277e-01</leafValues></_>
    <_>
      <internalNodes>
        0 -1 49486 -1.1755518244171981e-05</internalNodes>
      <leafValues>
        3.8907149434089661e-01 -3.4061002731323242e-01</leafValues></_>
    <_>
      <internalNodes>
        0 -1 120969 -1.0761473327875137e-02</internalNodes>
      <leafValues>
        4.0394094586372375e-01 -3.2864913344383240e-01</leafValues></_>
    <_>
      <internalNodes>
        0 -1 60922 -1.6480028629302979e-02</internalNodes>
      <leafValues>
        8.1273472309112549e-01 -1.5315727889537811e-01</leafValues></_>
    <_>
      <internalNodes>
        0 -1 124755 -1.3256935926619917e-04</internalNodes>
      <leafValues>
        2.1376259624958038e-01 -6.8556898832321167e-01</leafValues></_></weakClassifiers></stage6>
</opencv_storage>
