<?xml version="1.0"?>
<opencv_storage>
<stage1>
  <maxWeakCount>7</maxWeakCount>
  <stageThreshold>-1.0693091154098511e+00</stageThreshold>
  <weakClassifiers>
    <_>
      <internalNodes>
        0 -1 158744 1.8374580889940262e-02</internalNodes>
      <leafValues>
        -6.7517399787902832e-01 4.5614033937454224e-01</leafValues></_>
    <_>
      <internalNodes>
        0 -1 67790 -2.3215979337692261e-02</internalNodes>
      <leafValues>
        4.7254282236099243e-01 -4.9605676531791687e-01</leafValues></_>
    <_>
      <internalNodes>
        0 -1 157756 1.8672631995286793e-04</internalNodes>
      <leafValues>
        -4.9569731950759888e-01 3.7874791026115417e-01</leafValues></_>
    <_>
      <internalNodes>
        0 -1 8259 -2.3165864869952202e-02</internalNodes>
      <leafValues>
        6.8885570764541626e-01 -2.4954791367053986e-01</leafValues></_>
    <_>
      <internalNodes>
        0 -1 113707 2.6838298887014389e-02</internalNodes>
      <leafValues>
        -3.1160956621170044e-01 5.8661061525344849e-01</leafValues></_>
    <_>
      <internalNodes>
        0 -1 13873 3.0939225107431412e-03</internalNodes>
      <leafValues>
        -3.1182208657264709e-01 5.1201349496841431e-01</leafValues></_>
    <_>
      <internalNodes>
        0 -1 89701 -2.2691625636070967e-03</internalNodes>
      <leafValues>
        6.7278623580932617e-01 -2.2768233716487885e-01</leafValues></_></weakClassifiers></stage1>
</opencv_storage>
