<?xml version="1.0"?>
<opencv_storage>
<stage10>
  <maxWeakCount>10</maxWeakCount>
  <stageThreshold>-1.2884466648101807e+00</stageThreshold>
  <weakClassifiers>
    <_>
      <internalNodes>
        0 -1 58069 -1.2122672051191330e-01</internalNodes>
      <leafValues>
        4.8780487850308418e-03 -7.0588237047195435e-01</leafValues></_>
    <_>
      <internalNodes>
        0 -1 157895 -4.5613802969455719e-02</internalNodes>
      <leafValues>
        4.8413565754890442e-01 -2.9738786816596985e-01</leafValues></_>
    <_>
      <internalNodes>
        0 -1 122695 -7.2191052138805389e-02</internalNodes>
      <leafValues>
        6.4038395881652832e-01 -1.7231678962707520e-01</leafValues></_>
    <_>
      <internalNodes>
        0 -1 84758 5.5966768413782120e-03</internalNodes>
      <leafValues>
        1.4415945112705231e-01 -8.7934738397598267e-01</leafValues></_>
    <_>
      <internalNodes>
        0 -1 144003 1.3115456567902584e-05</internalNodes>
      <leafValues>
        -3.2181051373481750e-01 3.7325176596641541e-01</leafValues></_>
    <_>
      <internalNodes>
        0 -1 106395 8.8332612067461014e-03</internalNodes>
      <leafValues>
        -2.1780952811241150e-01 5.3962355852127075e-01</leafValues></_>
    <_>
      <internalNodes>
        0 -1 79630 1.1762609210563824e-04</internalNodes>
      <leafValues>
        -2.7664834260940552e-01 4.3242451548576355e-01</leafValues></_>
    <_>
      <internalNodes>
        0 -1 133270 1.2132138945162296e-03</internalNodes>
      <leafValues>
        1.5214861929416656e-01 -8.0435031652450562e-01</leafValues></_>
    <_>
      <internalNodes>
        0 -1 162093 1.0860890615731478e-03</internalNodes>
      <leafValues>
        1.2992437183856964e-01 -7.7110832929611206e-01</leafValues></_>
    <_>
      <internalNodes>
        0 -1 58557 -8.4216073155403137e-03</internalNodes>
      <leafValues>
        4.6070161461830139e-01 -2.5692114233970642e-01</leafValues></_></weakClassifiers></stage10>
</opencv_storage>
