<?xml version="1.0"?>
<opencv_storage>
<stage5>
  <maxWeakCount>8</maxWeakCount>
  <stageThreshold>-1.1699979305267334e+00</stageThreshold>
  <weakClassifiers>
    <_>
      <internalNodes>
        0 -1 47499 1.2647976167500019e-02</internalNodes>
      <leafValues>
        -5.8811038732528687e-01 5.1351350545883179e-01</leafValues></_>
    <_>
      <internalNodes>
        0 -1 89986 4.2153312824666500e-03</internalNodes>
      <leafValues>
        -3.3300843834877014e-01 5.2625608444213867e-01</leafValues></_>
    <_>
      <internalNodes>
        0 -1 147597 -1.9013273995369673e-03</internalNodes>
      <leafValues>
        4.9209529161453247e-01 -3.4803658723831177e-01</leafValues></_>
    <_>
      <internalNodes>
        0 -1 159005 6.2247924506664276e-04</internalNodes>
      <leafValues>
        -2.2895728051662445e-01 5.6544113159179688e-01</leafValues></_>
    <_>
      <internalNodes>
        0 -1 153820 -1.2396267615258694e-02</internalNodes>
      <leafValues>
        6.7254102230072021e-01 -2.0879434049129486e-01</leafValues></_>
    <_>
      <internalNodes>
        0 -1 124424 -1.7105560749769211e-02</internalNodes>
      <leafValues>
        -6.8809252977371216e-01 2.4592976272106171e-01</leafValues></_>
    <_>
      <internalNodes>
        0 -1 2792 -1.4330618083477020e-01</internalNodes>
      <leafValues>
        -8.2284933328628540e-01 1.7909489572048187e-01</leafValues></_>
    <_>
      <internalNodes>
        0 -1 61009 -9.3777358531951904e-02</internalNodes>
      <leafValues>
        -9.1126734018325806e-01 1.1188445985317230e-01</leafValues></_></weakClassifiers></stage5>
</opencv_storage>
