<?xml version="1.0"?>
<opencv_storage>
<stage14>
  <maxWeakCount>11</maxWeakCount>
  <stageThreshold>-1.1654665470123291e+00</stageThreshold>
  <weakClassifiers>
    <_>
      <internalNodes>
        0 -1 160182 -3.5921395756304264e-03</internalNodes>
      <leafValues>
        1.9512194395065308e-01 -5.5075591802597046e-01</leafValues></_>
    <_>
      <internalNodes>
        0 -1 14196 4.5848591253161430e-03</internalNodes>
      <leafValues>
        -4.1623517870903015e-01 2.2795478999614716e-01</leafValues></_>
    <_>
      <internalNodes>
        0 -1 12243 -1.0394942946732044e-03</internalNodes>
      <leafValues>
        -4.7474381327629089e-01 2.2421950101852417e-01</leafValues></_>
    <_>
      <internalNodes>
        0 -1 126078 1.9121628720313311e-03</internalNodes>
      <leafValues>
        1.4387698471546173e-01 -9.4698351621627808e-01</leafValues></_>
    <_>
      <internalNodes>
        0 -1 160695 -1.0803898330777884e-03</internalNodes>
      <leafValues>
        3.6992070078849792e-01 -3.0776345729827881e-01</leafValues></_>
    <_>
      <internalNodes>
        0 -1 146419 1.6899202018976212e-02</internalNodes>
      <leafValues>
        1.4392808079719543e-01 -8.8305181264877319e-01</leafValues></_>
    <_>
      <internalNodes>
        0 -1 89827 -1.3354797847568989e-03</internalNodes>
      <leafValues>
        6.1476951837539673e-01 -2.2194094955921173e-01</leafValues></_>
    <_>
      <internalNodes>
        0 -1 126073 -3.9647277444601059e-03</internalNodes>
      <leafValues>
        -8.0246204137802124e-01 1.7690251767635345e-01</leafValues></_>
    <_>
      <internalNodes>
        0 -1 103615 -3.5029734135605395e-05</internalNodes>
      <leafValues>
        3.3118695020675659e-01 -4.0486562252044678e-01</leafValues></_>
    <_>
      <internalNodes>
        0 -1 153946 -3.0404825229197741e-03</internalNodes>
      <leafValues>
        4.9339666962623596e-01 -2.1756498515605927e-01</leafValues></_>
    <_>
      <internalNodes>
        0 -1 12903 -6.7527562379837036e-02</internalNodes>
      <leafValues>
        8.0708771944046021e-01 -1.3614541292190552e-01</leafValues></_></weakClassifiers></stage14>
</opencv_storage>
