<?xml version="1.0"?>
<opencv_storage>
<stage16>
  <maxWeakCount>10</maxWeakCount>
  <stageThreshold>-1.1260837316513062e+00</stageThreshold>
  <weakClassifiers>
    <_>
      <internalNodes>
        0 -1 131462 -9.7317263484001160e-02</internalNodes>
      <leafValues>
        -1.2107623368501663e-01 -6.5838509798049927e-01</leafValues></_>
    <_>
      <internalNodes>
        0 -1 122155 3.2062128186225891e-02</internalNodes>
      <leafValues>
        4.6905733644962311e-02 -8.2763433456420898e-01</leafValues></_>
    <_>
      <internalNodes>
        0 -1 153282 1.4643257483839989e-02</internalNodes>
      <leafValues>
        -9.7651630640029907e-02 9.2275816202163696e-01</leafValues></_>
    <_>
      <internalNodes>
        0 -1 92112 -1.8233302980661392e-03</internalNodes>
      <leafValues>
        3.0145502090454102e-01 -3.4991934895515442e-01</leafValues></_>
    <_>
      <internalNodes>
        0 -1 1291 2.2022211924195290e-02</internalNodes>
      <leafValues>
        -3.6718183755874634e-01 3.0567547678947449e-01</leafValues></_>
    <_>
      <internalNodes>
        0 -1 12956 3.9895782247185707e-03</internalNodes>
      <leafValues>
        1.0215602070093155e-01 -7.2687834501266479e-01</leafValues></_>
    <_>
      <internalNodes>
        0 -1 132586 1.3332233720575459e-05</internalNodes>
      <leafValues>
        -2.4283194541931152e-01 3.8964685797691345e-01</leafValues></_>
    <_>
      <internalNodes>
        0 -1 28947 5.3076064214110374e-03</internalNodes>
      <leafValues>
        2.0398558676242828e-01 -4.4819179177284241e-01</leafValues></_>
    <_>
      <internalNodes>
        0 -1 11909 1.7361037316732109e-04</internalNodes>
      <leafValues>
        2.3154129087924957e-01 -4.9147087335586548e-01</leafValues></_>
    <_>
      <internalNodes>
        0 -1 133490 -1.6817195340991020e-02</internalNodes>
      <leafValues>
        -7.6402169466018677e-01 1.2016603350639343e-01</leafValues></_></weakClassifiers></stage16>
</opencv_storage>
