<?xml version="1.0"?>
<opencv_storage>
<cascade>
  <stageType>BOOST</stageType>
  <featureType>HAAR</featureType>
  <height>32</height>
  <width>32</width>
  <stageParams>
    <boostType>GAB</boostType>
    <minHitRate>9.9500000476837158e-01</minHitRate>
    <maxFalseAlarm>5.0000000000000000e-01</maxFalseAlarm>
    <weightTrimRate>9.4999998807907104e-01</weightTrimRate>
    <maxDepth>1</maxDepth>
    <maxWeakCount>100</maxWeakCount></stageParams>
  <featureParams>
    <maxCatCount>0</maxCatCount>
    <featSize>1</featSize>
    <mode>BASIC</mode></featureParams>
  <stageNum>12</stageNum>
  <stages>
    <!-- stage 0 -->
    <_>
      <maxWeakCount>3</maxWeakCount>
      <stageThreshold>-1.3598190546035767e+00</stageThreshold>
      <weakClassifiers>
        <_>
          <internalNodes>
            0 -1 2 2.5207677856087685e-02</internalNodes>
          <leafValues>
            -9.8801201581954956e-01 8.9999997615814209e-01</leafValues></_>
        <_>
          <internalNodes>
            0 -1 33 3.2319056335836649e-03</internalNodes>
          <leafValues>
            -9.8134261369705200e-01 6.4206057786941528e-01</leafValues></_>
        <_>
          <internalNodes>
            0 -1 14 -4.7225058078765869e-02</internalNodes>
          <leafValues>
            6.0953557491302490e-01 -9.6088522672653198e-01</leafValues></_></weakClassifiers></_>
    <!-- stage 1 -->
    <_>
      <maxWeakCount>3</maxWeakCount>
      <stageThreshold>-1.6524908542633057e+00</stageThreshold>
      <weakClassifiers>
        <_>
          <internalNodes>
            0 -1 4 2.0450642332434654e-03</internalNodes>
          <leafValues>
            -9.8128896951675415e-01 3.2374101877212524e-01</leafValues></_>
        <_>
          <internalNodes>
            0 -1 29 1.4488543383777142e-03</internalNodes>
          <leafValues>
            -9.6357250213623047e-01 3.0608558654785156e-01</leafValues></_>
        <_>
          <internalNodes>
            0 -1 16 2.1057635603938252e-04</internalNodes>
          <leafValues>
            -1. 2.9237055778503418e-01</leafValues></_></weakClassifiers></_>
    <!-- stage 2 -->
    <_>
      <maxWeakCount>3</maxWeakCount>
      <stageThreshold>-1.6456695795059204e+00</stageThreshold>
      <weakClassifiers>
        <_>
          <internalNodes>
            0 -1 31 1.2674767524003983e-02</internalNodes>
          <leafValues>
            -9.6673595905303955e-01 2.2302158176898956e-01</leafValues></_>
        <_>
          <internalNodes>
            0 -1 6 -7.2010303847491741e-04</internalNodes>
          <leafValues>
            2.2511647641658783e-01 -9.4914412498474121e-01</leafValues></_>
        <_>
          <internalNodes>
            0 -1 12 2.7343598776496947e-04</internalNodes>
          <leafValues>
            -9.9207544326782227e-01 2.7021047472953796e-01</leafValues></_></weakClassifiers></_>
    <!-- stage 3 -->
    <_>
      <maxWeakCount>4</maxWeakCount>
      <stageThreshold>-2.3869397640228271e+00</stageThreshold>
      <weakClassifiers>
        <_>
          <internalNodes>
            0 -1 30 1.2345956638455391e-02</internalNodes>
          <leafValues>
            -9.7686648368835449e-01 2.0000000298023224e-01</leafValues></_>
        <_>
          <internalNodes>
            0 -1 17 -2.7215778827667236e-03</internalNodes>
          <leafValues>
            1.3875478506088257e-01 -9.5287466049194336e-01</leafValues></_>
        <_>
          <internalNodes>
            0 -1 0 3.4585813991725445e-03</internalNodes>
          <leafValues>
            -8.5247248411178589e-01 3.9718595147132874e-01</leafValues></_>
        <_>
          <internalNodes>
            0 -1 18 -6.7532571847550571e-05</internalNodes>
          <leafValues>
            3.9527392387390137e-01 -9.8986381292343140e-01</leafValues></_></weakClassifiers></_>
    <!-- stage 4 -->
    <_>
      <maxWeakCount>4</maxWeakCount>
      <stageThreshold>-2.3630893230438232e+00</stageThreshold>
      <weakClassifiers>
        <_>
          <internalNodes>
            0 -1 20 4.0004734182730317e-04</internalNodes>
          <leafValues>
            -9.5618838071823120e-01 -1.3829787075519562e-01</leafValues></_>
        <_>
          <internalNodes>
            0 -1 24 -6.6580658312886953e-04</internalNodes>
          <leafValues>
            1.4778560400009155e-01 -9.3999046087265015e-01</leafValues></_>
        <_>
          <internalNodes>
            0 -1 8 2.0929262042045593e-02</internalNodes>
          <leafValues>
            -8.4357881546020508e-01 4.9150767922401428e-01</leafValues></_>
        <_>
          <internalNodes>
            0 -1 28 -2.1784196724183857e-04</internalNodes>
          <leafValues>
            3.7666839361190796e-01 -9.6327608823776245e-01</leafValues></_></weakClassifiers></_>
    <!-- stage 5 -->
    <_>
      <maxWeakCount>3</maxWeakCount>
      <stageThreshold>-1.6565947532653809e+00</stageThreshold>
      <weakClassifiers>
        <_>
          <internalNodes>
            0 -1 2 5.2696004509925842e-02</internalNodes>
          <leafValues>
            -9.3619364500045776e-01 -2.5000000000000000e-01</leafValues></_>
        <_>
          <internalNodes>
            0 -1 10 -1.4553100336343050e-03</internalNodes>
          <leafValues>
            1.6778372228145599e-01 -9.3943172693252563e-01</leafValues></_>
        <_>
          <internalNodes>
            0 -1 15 1.2991335242986679e-03</internalNodes>
          <leafValues>
            2.1903055906295776e-01 -1.</leafValues></_></weakClassifiers></_>
    <!-- stage 6 -->
    <_>
      <maxWeakCount>2</maxWeakCount>
      <stageThreshold>-7.6991790533065796e-01</stageThreshold>
      <weakClassifiers>
        <_>
          <internalNodes>
            0 -1 7 -1.9131363369524479e-03</internalNodes>
          <leafValues>
            -2.6436781883239746e-01 -9.8809522390365601e-01</leafValues></_>
        <_>
          <internalNodes>
            0 -1 15 1.4273173292167485e-04</internalNodes>
          <leafValues>
            -1. 2.1817736327648163e-01</leafValues></_></weakClassifiers></_>
    <!-- stage 7 -->
    <_>
      <maxWeakCount>5</maxWeakCount>
      <stageThreshold>-2.1056680679321289e+00</stageThreshold>
      <weakClassifiers>
        <_>
          <internalNodes>
            0 -1 9 -1.3231643242761493e-03</internalNodes>
          <leafValues>
            -2.1739129722118378e-01 -9.7474169731140137e-01</leafValues></_>
        <_>
          <internalNodes>
            0 -1 27 -5.9003499336540699e-03</internalNodes>
          <leafValues>
            6.4491800963878632e-02 -9.1752034425735474e-01</leafValues></_>
        <_>
          <internalNodes>
            0 -1 3 -7.8595592640340328e-04</internalNodes>
          <leafValues>
            2.7348515391349792e-01 -9.2267084121704102e-01</leafValues></_>
        <_>
          <internalNodes>
            0 -1 11 4.2900862172245979e-04</internalNodes>
          <leafValues>
            -1. 3.4718969464302063e-01</leafValues></_>
        <_>
          <internalNodes>
            0 -1 13 5.0773128168657422e-04</internalNodes>
          <leafValues>
            -1. 3.6207515001296997e-01</leafValues></_></weakClassifiers></_>
    <!-- stage 8 -->
    <_>
      <maxWeakCount>2</maxWeakCount>
      <stageThreshold>-1.2899986505508423e+00</stageThreshold>
      <weakClassifiers>
        <_>
          <internalNodes>
            0 -1 1 1.7931504175066948e-02</internalNodes>
          <leafValues>
            -9.6941179037094116e-01 -2.9880478978157043e-01</leafValues></_>
        <_>
          <internalNodes>
            0 -1 21 3.6163732875138521e-04</internalNodes>
          <leafValues>
            6.3312053680419922e-02 -9.9119383096694946e-01</leafValues></_></weakClassifiers></_>
    <!-- stage 9 -->
    <_>
      <maxWeakCount>3</maxWeakCount>
      <stageThreshold>-1.5752818584442139e+00</stageThreshold>
      <weakClassifiers>
        <_>
          <internalNodes>
            0 -1 19 1.0403621941804886e-02</internalNodes>
          <leafValues>
            -8.8416987657546997e-01 2.6153847575187683e-01</leafValues></_>
        <_>
          <internalNodes>
            0 -1 5 -3.1772707588970661e-03</internalNodes>
          <leafValues>
            1.3226132094860077e-01 -9.6434313058853149e-01</leafValues></_>
        <_>
          <internalNodes>
            0 -1 21 1.2178954784758389e-04</internalNodes>
          <leafValues>
            -9.9218130111694336e-01 2.7323111891746521e-01</leafValues></_></weakClassifiers></_>
    <!-- stage 10 -->
    <_>
      <maxWeakCount>3</maxWeakCount>
      <stageThreshold>-1.4149276018142700e+00</stageThreshold>
      <weakClassifiers>
        <_>
          <internalNodes>
            0 -1 25 9.2377997934818268e-03</internalNodes>
          <leafValues>
            -8.8973385095596313e-01 7.5510203838348389e-01</leafValues></_>
        <_>
          <internalNodes>
            0 -1 22 4.3622829252853990e-04</internalNodes>
          <leafValues>
            4.0767297148704529e-01 -9.2989450693130493e-01</leafValues></_>
        <_>
          <internalNodes>
            0 -1 23 5.3796684369444847e-04</internalNodes>
          <leafValues>
            -9.3286669254302979e-01 4.8638492822647095e-01</leafValues></_></weakClassifiers></_>
    <!-- stage 11 -->
    <_>
      <maxWeakCount>2</maxWeakCount>
      <stageThreshold>-5.2505463361740112e-01</stageThreshold>
      <weakClassifiers>
        <_>
          <internalNodes>
            0 -1 26 -5.4499134421348572e-03</internalNodes>
          <leafValues>
            1. -8.9035916328430176e-01</leafValues></_>
        <_>
          <internalNodes>
            0 -1 32 3.3676136808935553e-05</internalNodes>
          <leafValues>
            3.6530455946922302e-01 -1.</leafValues></_></weakClassifiers></_></stages>
  <features>
    <_>
      <rects>
        <_>
          0 29 4 3 -1.</_>
        <_>
          0 30 4 1 3.</_></rects>
      <tilted>0</tilted></_>
    <_>
      <rects>
        <_>
          0 29 16 3 -1.</_>
        <_>
          0 30 16 1 3.</_></rects>
      <tilted>0</tilted></_>
    <_>
      <rects>
        <_>
          0 29 32 2 -1.</_>
        <_>
          0 30 32 1 2.</_></rects>
      <tilted>0</tilted></_>
    <_>
      <rects>
        <_>
          0 30 30 1 -1.</_>
        <_>
          15 30 15 1 2.</_></rects>
      <tilted>0</tilted></_>
    <_>
      <rects>
        <_>
          1 29 2 2 -1.</_>
        <_>
          1 30 2 1 2.</_></rects>
      <tilted>0</tilted></_>
    <_>
      <rects>
        <_>
          2 30 22 2 -1.</_>
        <_>
          13 30 11 2 2.</_></rects>
      <tilted>0</tilted></_>
    <_>
      <rects>
        <_>
          3 31 20 1 -1.</_>
        <_>
          13 31 10 1 2.</_></rects>
      <tilted>0</tilted></_>
    <_>
      <rects>
        <_>
          4 30 15 1 -1.</_>
        <_>
          9 30 5 1 3.</_></rects>
      <tilted>0</tilted></_>
    <_>
      <rects>
        <_>
          5 29 27 3 -1.</_>
        <_>
          5 30 27 1 3.</_></rects>
      <tilted>0</tilted></_>
    <_>
      <rects>
        <_>
          5 30 8 1 -1.</_>
        <_>
          9 30 4 1 2.</_></rects>
      <tilted>0</tilted></_>
    <_>
      <rects>
        <_>
          5 30 12 1 -1.</_>
        <_>
          9 30 4 1 3.</_></rects>
      <tilted>0</tilted></_>
    <_>
      <rects>
        <_>
          5 31 24 1 -1.</_>
        <_>
          17 31 12 1 2.</_></rects>
      <tilted>0</tilted></_>
    <_>
      <rects>
        <_>
          9 28 3 2 -1.</_>
        <_>
          9 29 3 1 2.</_></rects>
      <tilted>0</tilted></_>
    <_>
      <rects>
        <_>
          9 30 8 2 -1.</_>
        <_>
          9 31 8 1 2.</_></rects>
      <tilted>0</tilted></_>
    <_>
      <rects>
        <_>
          10 23 22 9 -1.</_>
        <_>
          10 26 22 3 3.</_></rects>
      <tilted>0</tilted></_>
    <_>
      <rects>
        <_>
          10 30 10 2 -1.</_>
        <_>
          15 30 5 2 2.</_></rects>
      <tilted>0</tilted></_>
    <_>
      <rects>
        <_>
          10 31 8 1 -1.</_>
        <_>
          14 31 4 1 2.</_></rects>
      <tilted>0</tilted></_>
    <_>
      <rects>
        <_>
          11 30 18 1 -1.</_>
        <_>
          17 30 6 1 3.</_></rects>
      <tilted>0</tilted></_>
    <_>
      <rects>
        <_>
          12 31 6 1 -1.</_>
        <_>
          14 31 2 1 3.</_></rects>
      <tilted>0</tilted></_>
    <_>
      <rects>
        <_>
          13 12 4 9 -1.</_>
        <_>
          13 15 4 3 3.</_></rects>
      <tilted>0</tilted></_>
    <_>
      <rects>
        <_>
          13 30 3 2 -1.</_>
        <_>
          14 30 1 2 3.</_></rects>
      <tilted>0</tilted></_>
    <_>
      <rects>
        <_>
          13 30 3 2 -1.</_>
        <_>
          13 31 3 1 2.</_></rects>
      <tilted>0</tilted></_>
    <_>
      <rects>
        <_>
          13 30 4 2 -1.</_>
        <_>
          13 31 4 1 2.</_></rects>
      <tilted>0</tilted></_>
    <_>
      <rects>
        <_>
          13 30 10 2 -1.</_>
        <_>
          13 30 5 1 2.</_>
        <_>
          18 31 5 1 2.</_></rects>
      <tilted>0</tilted></_>
    <_>
      <rects>
        <_>
          14 31 12 1 -1.</_>
        <_>
          18 31 4 1 3.</_></rects>
      <tilted>0</tilted></_>
    <_>
      <rects>
        <_>
          15 3 2 12 -1.</_>
        <_>
          15 9 2 6 2.</_></rects>
      <tilted>0</tilted></_>
    <_>
      <rects>
        <_>
          15 8 12 4 -1.</_>
        <_>
          15 8 6 2 2.</_>
        <_>
          21 10 6 2 2.</_></rects>
      <tilted>0</tilted></_>
    <_>
      <rects>
        <_>
          19 27 13 3 -1.</_>
        <_>
          19 28 13 1 3.</_></rects>
      <tilted>0</tilted></_>
    <_>
      <rects>
        <_>
          19 30 6 1 -1.</_>
        <_>
          21 30 2 1 3.</_></rects>
      <tilted>0</tilted></_>
    <_>
      <rects>
        <_>
          19 30 8 1 -1.</_>
        <_>
          23 30 4 1 2.</_></rects>
      <tilted>0</tilted></_>
    <_>
      <rects>
        <_>
          22 29 10 3 -1.</_>
        <_>
          22 30 10 1 3.</_></rects>
      <tilted>0</tilted></_>
    <_>
      <rects>
        <_>
          23 29 9 3 -1.</_>
        <_>
          23 30 9 1 3.</_></rects>
      <tilted>0</tilted></_>
    <_>
      <rects>
        <_>
          25 30 5 2 -1.</_>
        <_>
          25 31 5 1 2.</_></rects>
      <tilted>0</tilted></_>
    <_>
      <rects>
        <_>
          27 29 5 2 -1.</_>
        <_>
          27 30 5 1 2.</_></rects>
      <tilted>0</tilted></_></features></cascade>
</opencv_storage>
