<?xml version="1.0"?>
<opencv_storage>
<stage9>
  <maxWeakCount>3</maxWeakCount>
  <stageThreshold>-1.5752818584442139e+00</stageThreshold>
  <weakClassifiers>
    <_>
      <internalNodes>
        0 -1 340753 1.0403621941804886e-02</internalNodes>
      <leafValues>
        -8.8416987657546997e-01 2.6153847575187683e-01</leafValues></_>
    <_>
      <internalNodes>
        0 -1 91000 -3.1772707588970661e-03</internalNodes>
      <leafValues>
        1.3226132094860077e-01 -9.6434313058853149e-01</leafValues></_>
    <_>
      <internalNodes>
        0 -1 347629 1.2178954784758389e-04</internalNodes>
      <leafValues>
        -9.9218130111694336e-01 2.7323111891746521e-01</leafValues></_></weakClassifiers></stage9>
</opencv_storage>
