<?xml version="1.0"?>
<opencv_storage>
<stage0>
  <maxWeakCount>3</maxWeakCount>
  <stageThreshold>-1.3598190546035767e+00</stageThreshold>
  <weakClassifiers>
    <_>
      <internalNodes>
        0 -1 31168 2.5207677856087685e-02</internalNodes>
      <leafValues>
        -9.8801201581954956e-01 8.9999997615814209e-01</leafValues></_>
    <_>
      <internalNodes>
        0 -1 501692 3.2319056335836649e-03</internalNodes>
      <leafValues>
        -9.8134261369705200e-01 6.4206057786941528e-01</leafValues></_>
    <_>
      <internalNodes>
        0 -1 288285 -4.7225058078765869e-02</internalNodes>
      <leafValues>
        6.0953557491302490e-01 -9.6088522672653198e-01</leafValues></_></weakClassifiers></stage0>
</opencv_storage>
