<?xml version="1.0"?>
<opencv_storage>
<stage1>
  <maxWeakCount>3</maxWeakCount>
  <stageThreshold>-1.6524908542633057e+00</stageThreshold>
  <weakClassifiers>
    <_>
      <internalNodes>
        0 -1 61124 2.0450642332434654e-03</internalNodes>
      <leafValues>
        -9.8128896951675415e-01 3.2374101877212524e-01</leafValues></_>
    <_>
      <internalNodes>
        0 -1 437403 1.4488543383777142e-03</internalNodes>
      <leafValues>
        -9.6357250213623047e-01 3.0608558654785156e-01</leafValues></_>
    <_>
      <internalNodes>
        0 -1 289649 2.1057635603938252e-04</internalNodes>
      <leafValues>
        -1. 2.9237055778503418e-01</leafValues></_></weakClassifiers></stage1>
</opencv_storage>
