<?xml version="1.0"?>
<opencv_storage>
<stage3>
  <maxWeakCount>4</maxWeakCount>
  <stageThreshold>-2.3869397640228271e+00</stageThreshold>
  <weakClassifiers>
    <_>
      <internalNodes>
        0 -1 469111 1.2345956638455391e-02</internalNodes>
      <leafValues>
        -9.7686648368835449e-01 2.0000000298023224e-01</leafValues></_>
    <_>
      <internalNodes>
        0 -1 309988 -2.7215778827667236e-03</internalNodes>
      <leafValues>
        1.3875478506088257e-01 -9.5287466049194336e-01</leafValues></_>
    <_>
      <internalNodes>
        0 -1 31042 3.4585813991725445e-03</internalNodes>
      <leafValues>
        -8.5247248411178589e-01 3.9718595147132874e-01</leafValues></_>
    <_>
      <internalNodes>
        0 -1 329453 -6.7532571847550571e-05</internalNodes>
      <leafValues>
        3.9527392387390137e-01 -9.8986381292343140e-01</leafValues></_></weakClassifiers></stage3>
</opencv_storage>
