<?xml version="1.0"?>
<opencv_storage>
<stage8>
  <maxWeakCount>2</maxWeakCount>
  <stageThreshold>-1.2899986505508423e+00</stageThreshold>
  <weakClassifiers>
    <_>
      <internalNodes>
        0 -1 31134 1.7931504175066948e-02</internalNodes>
      <leafValues>
        -9.6941179037094116e-01 -2.9880478978157043e-01</leafValues></_>
    <_>
      <internalNodes>
        0 -1 347629 3.6163732875138521e-04</internalNodes>
      <leafValues>
        6.3312053680419922e-02 -9.9119383096694946e-01</leafValues></_></weakClassifiers></stage8>
</opencv_storage>
