<?xml version="1.0"?>
<opencv_storage>
<stage10>
  <maxWeakCount>3</maxWeakCount>
  <stageThreshold>-1.4149276018142700e+00</stageThreshold>
  <weakClassifiers>
    <_>
      <internalNodes>
        0 -1 368481 9.2377997934818268e-03</internalNodes>
      <leafValues>
        -8.8973385095596313e-01 7.5510203838348389e-01</leafValues></_>
    <_>
      <internalNodes>
        0 -1 347635 4.3622829252853990e-04</internalNodes>
      <leafValues>
        4.0767297148704529e-01 -9.2989450693130493e-01</leafValues></_>
    <_>
      <internalNodes>
        0 -1 347643 5.3796684369444847e-04</internalNodes>
      <leafValues>
        -9.3286669254302979e-01 4.8638492822647095e-01</leafValues></_></weakClassifiers></stage10>
</opencv_storage>
