<?xml version="1.0"?>
<opencv_storage>
<stage11>
  <maxWeakCount>2</maxWeakCount>
  <stageThreshold>-5.2505463361740112e-01</stageThreshold>
  <weakClassifiers>
    <_>
      <internalNodes>
        0 -1 372903 -5.4499134421348572e-03</internalNodes>
      <leafValues>
        1. -8.9035916328430176e-01</leafValues></_>
    <_>
      <internalNodes>
        0 -1 491567 3.3676136808935553e-05</internalNodes>
      <leafValues>
        3.6530455946922302e-01 -1.</leafValues></_></weakClassifiers></stage11>
</opencv_storage>
