<?xml version="1.0"?>
<opencv_storage>
<stage4>
  <maxWeakCount>4</maxWeakCount>
  <stageThreshold>-2.3630893230438232e+00</stageThreshold>
  <weakClassifiers>
    <_>
      <internalNodes>
        0 -1 347621 4.0004734182730317e-04</internalNodes>
      <leafValues>
        -9.5618838071823120e-01 -1.3829787075519562e-01</leafValues></_>
    <_>
      <internalNodes>
        0 -1 365483 -6.6580658312886953e-04</internalNodes>
      <leafValues>
        1.4778560400009155e-01 -9.3999046087265015e-01</leafValues></_>
    <_>
      <internalNodes>
        0 -1 172714 2.0929262042045593e-02</internalNodes>
      <leafValues>
        -8.4357881546020508e-01 4.9150767922401428e-01</leafValues></_>
    <_>
      <internalNodes>
        0 -1 437393 -2.1784196724183857e-04</internalNodes>
      <leafValues>
        3.7666839361190796e-01 -9.6327608823776245e-01</leafValues></_></weakClassifiers></stage4>
</opencv_storage>
