<?xml version="1.0"?>
<opencv_storage>
<stage7>
  <maxWeakCount>5</maxWeakCount>
  <stageThreshold>-2.1056680679321289e+00</stageThreshold>
  <weakClassifiers>
    <_>
      <internalNodes>
        0 -1 172733 -1.3231643242761493e-03</internalNodes>
      <leafValues>
        -2.1739129722118378e-01 -9.7474169731140137e-01</leafValues></_>
    <_>
      <internalNodes>
        0 -1 437230 -5.9003499336540699e-03</internalNodes>
      <leafValues>
        6.4491800963878632e-02 -9.1752034425735474e-01</leafValues></_>
    <_>
      <internalNodes>
        0 -1 31246 -7.8595592640340328e-04</internalNodes>
      <leafValues>
        2.7348515391349792e-01 -9.2267084121704102e-01</leafValues></_>
    <_>
      <internalNodes>
        0 -1 172819 4.2900862172245979e-04</internalNodes>
      <leafValues>
        -1. 3.4718969464302063e-01</leafValues></_>
    <_>
      <internalNodes>
        0 -1 268034 5.0773128168657422e-04</internalNodes>
      <leafValues>
        -1. 3.6207515001296997e-01</leafValues></_></weakClassifiers></stage7>
</opencv_storage>
