<?xml version="1.0"?>
<opencv_storage>
<stage6>
  <maxWeakCount>2</maxWeakCount>
  <stageThreshold>-7.6991790533065796e-01</stageThreshold>
  <weakClassifiers>
    <_>
      <internalNodes>
        0 -1 146425 -1.9131363369524479e-03</internalNodes>
      <leafValues>
        -2.6436781883239746e-01 -9.8809522390365601e-01</leafValues></_>
    <_>
      <internalNodes>
        0 -1 289602 1.4273173292167485e-04</internalNodes>
      <leafValues>
        -1. 2.1817736327648163e-01</leafValues></_></weakClassifiers></stage6>
</opencv_storage>
