<?xml version="1.0"?>
<opencv_storage>
<stage5>
  <maxWeakCount>3</maxWeakCount>
  <stageThreshold>-1.6565947532653809e+00</stageThreshold>
  <weakClassifiers>
    <_>
      <internalNodes>
        0 -1 31168 5.2696004509925842e-02</internalNodes>
      <leafValues>
        -9.3619364500045776e-01 -2.5000000000000000e-01</leafValues></_>
    <_>
      <internalNodes>
        0 -1 172735 -1.4553100336343050e-03</internalNodes>
      <leafValues>
        1.6778372228145599e-01 -9.3943172693252563e-01</leafValues></_>
    <_>
      <internalNodes>
        0 -1 289602 1.2991335242986679e-03</internalNodes>
      <leafValues>
        2.1903055906295776e-01 -1.</leafValues></_></weakClassifiers></stage5>
</opencv_storage>
