<?xml version="1.0"?>
<opencv_storage>
<stage2>
  <maxWeakCount>3</maxWeakCount>
  <stageThreshold>-1.6456695795059204e+00</stageThreshold>
  <weakClassifiers>
    <_>
      <internalNodes>
        0 -1 477625 1.2674767524003983e-02</internalNodes>
      <leafValues>
        -9.6673595905303955e-01 2.2302158176898956e-01</leafValues></_>
    <_>
      <internalNodes>
        0 -1 118989 -7.2010303847491741e-04</internalNodes>
      <leafValues>
        2.2511647641658783e-01 -9.4914412498474121e-01</leafValues></_>
    <_>
      <internalNodes>
        0 -1 267744 2.7343598776496947e-04</internalNodes>
      <leafValues>
        -9.9207544326782227e-01 2.7021047472953796e-01</leafValues></_></weakClassifiers></stage2>
</opencv_storage>
